,precision,recall,f1-score,support
jumping,0.6205673758865248,0.5057803468208093,0.5573248407643312,346.0
running,0.6751412429378532,0.5623529411764706,0.613607188703466,425.0
seated-breathing,0.8266666666666667,0.8857142857142857,0.8551724137931035,490.0
walking,0.9040570175438597,0.9326923076923077,0.9181514476614699,1768.0
wavinghand,0.6698795180722892,0.7493261455525606,0.7073791348600509,371.0
accuracy,0.8161764705882353,0.8161764705882353,0.8161764705882353,0.8161764705882353
macro avg,0.7392623642214387,0.7271732053912868,0.7303270051564843,3400.0
weighted avg,0.809887092704222,0.8161764705882353,0.8112886327531206,3400.0
