,precision,recall,f1-score,support
jumping,0.16049382716049382,0.07963246554364471,0.10644831115660185,653.0
running,0.24504950495049505,0.12162162162162163,0.1625615763546798,814.0
seated-breathing,0.5616438356164384,0.1626984126984127,0.2523076923076923,756.0
walking,0.6028758722774371,0.9490679094540613,0.7373593689383163,3004.0
wavinghand,0.36082474226804123,0.14189189189189189,0.20368574199806014,740.0
accuracy,0.5413105413105413,0.5413105413105413,0.5413105413105413,0.5413105413105413
macro avg,0.3861775564545812,0.2909824602419265,0.2924725381510701,5967.0
weighted avg,0.47040806695010967,0.5413105413105413,0.46226503755519566,5967.0
