,precision,recall,f1-score,support
jumping,0.6379928315412187,0.5313432835820896,0.5798045602605864,335.0
running,0.6675126903553299,0.5857461024498887,0.6239620403321471,449.0
seated-breathing,0.8135245901639344,0.8556034482758621,0.8340336134453782,464.0
walking,0.9076487252124645,0.923342939481268,0.9154285714285715,1735.0
wavinghand,0.6788008565310493,0.7731707317073171,0.7229190421892816,410.0
accuracy,0.812555260831123,0.812555260831123,0.812555260831123,0.812555260831123
macro avg,0.7410959387607994,0.7338413010992852,0.7352295655311929,3393.0
weighted avg,0.8087223978170567,0.812555260831123,0.8093281636195883,3393.0
