,precision,recall,f1-score,support
jumping,0.16264090177133655,0.1449067431850789,0.15326251896813353,697.0
running,0.18211920529801323,0.15804597701149425,0.16923076923076924,696.0
seated-breathing,0.10366826156299841,0.09129213483146068,0.0970873786407767,712.0
walking,0.5315699658703071,0.6620616365568545,0.5896829152863228,2823.0
wavinghand,0.2363013698630137,0.0942622950819672,0.134765625,732.0
accuracy,0.3911660777385159,0.3911660777385159,0.3911660777385159,0.3911660777385159
macro avg,0.2432599408731338,0.23011375733337108,0.22880584142520047,5660.0
weighted avg,0.3511523134357768,0.3911660777385159,0.3634378289842627,5660.0
