,precision,recall,f1-score,support
jumping,0.1437670609645132,0.2786596119929453,0.18967587034813926,567.0
running,0.09072375127421,0.1410459587955626,0.11042183622828784,631.0
seated-breathing,0.22606382978723405,0.11659807956104253,0.15384615384615385,729.0
walking,0.595116988809766,0.47696697920913167,0.5295315682281059,2453.0
wavinghand,0.1417910447761194,0.1314878892733564,0.13644524236983843,578.0
accuracy,0.318273497377975,0.318273497377975,0.318273497377975,0.318273497377975
macro avg,0.23949253512236854,0.22895170376640767,0.22398413420410504,4958.0
weighted avg,0.37219450180854213,0.318273497377975,0.33626109928491354,4958.0
