{
    "test_cross_device": {
        "loss": 3.3071169757035146,
        "accuracy": 0.318273497377975,
        "f1_score": 0.33626109928491354
    },
    "test_cross_env": {
        "loss": 3.952370290958418,
        "accuracy": 0.3911660777385159,
        "f1_score": 0.3634378289842627
    },
    "test_cross_user": {
        "loss": 2.6293133946945066,
        "accuracy": 0.5413105413105413,
        "f1_score": 0.46226503755519566
    },
    "test": {
        "loss": 0.5596218299164492,
        "accuracy": 0.8161764705882353,
        "f1_score": 0.8112886327531206
    }
}