,precision,recall,f1-score,support
jumping,0.1789709172259508,0.1225114854517611,0.14545454545454545,653.0
running,0.12714776632302405,0.09090909090909091,0.10601719197707736,814.0
seated-breathing,0.3944020356234097,0.20502645502645503,0.26979982593559615,756.0
walking,0.6191577973160574,0.8908122503328895,0.7305487305487306,3004.0
wavinghand,0.15695067264573992,0.0472972972972973,0.07268951194184839,740.0
accuracy,0.506116976705212,0.506116976705212,0.506116976705212,0.506116976705212
macro avg,0.29532583782683636,0.27131131580349876,0.2649019611715596,5967.0
weighted avg,0.41807068050311197,0.506116976705212,0.44136200875881093,5967.0
