,precision,recall,f1-score,support
jumping,0.07879490150637311,0.11992945326278659,0.0951048951048951,567.0
running,0.08098987626546682,0.11410459587955626,0.09473684210526316,631.0
seated-breathing,0.23809523809523808,0.24691358024691357,0.24242424242424243,729.0
walking,0.5245971162001697,0.5042804728903384,0.5142382041155685,2453.0
wavinghand,0.05434782608695652,0.00865051903114187,0.014925373134328358,578.0
accuracy,0.3150463896732553,0.3150463896732553,0.3150463896732553,0.3150463896732553
macro avg,0.19536499163084084,0.19877572426214735,0.19228591137685952,4958.0
weighted avg,0.32021027010212355,0.3150463896732553,0.3147405962055871,4958.0
