,precision,recall,f1-score,support
jumping,0.7677419354838709,0.6878612716763006,0.725609756097561,346.0
running,0.806615776081425,0.7458823529411764,0.7750611246943765,425.0
seated-breathing,0.8407407407407408,0.926530612244898,0.8815533980582524,490.0
walking,0.9638483965014577,0.9349547511312217,0.9491817398794143,1768.0
wavinghand,0.755656108597285,0.9002695417789758,0.8216482164821648,371.0
accuracy,0.8811764705882353,0.8811764705882353,0.8811764705882353,0.8811764705882353
macro avg,0.8269205914809559,0.8390997059545147,0.8306108470423539,3400.0
weighted avg,0.8837781643468112,0.8811764705882353,0.8810023303162052,3400.0
