,precision,recall,f1-score,support
jumping,0.7859327217125383,0.7671641791044777,0.7764350453172205,335.0
running,0.8249400479616307,0.7661469933184856,0.7944572748267898,449.0
seated-breathing,0.834307992202729,0.9224137931034483,0.8761514841351075,464.0
walking,0.9726609963547995,0.9227665706051873,0.9470570837030464,1735.0
wavinghand,0.7612244897959184,0.9097560975609756,0.8288888888888889,410.0
accuracy,0.8850574712643678,0.8850574712643678,0.8850574712643678,0.8850574712643678
macro avg,0.8358132496055232,0.857649526738515,0.8445979553742106,3393.0
weighted avg,0.89020728593647,0.8850574712643678,0.8860418007328079,3393.0
