,precision,recall,f1-score,support
jumping,0.14636752136752137,0.19655667144906744,0.1677893447642376,697.0
running,0.21975308641975308,0.2557471264367816,0.23638778220451528,696.0
seated-breathing,0.12965964343598055,0.11235955056179775,0.12039127163280662,712.0
walking,0.5478320715760495,0.5639390719093164,0.55576889509513,2823.0
wavinghand,0.21483375959079284,0.11475409836065574,0.1495992876224399,732.0
accuracy,0.36590106007067136,0.36590106007067136,0.36590106007067136,0.36590106007067136
macro avg,0.25168921647801945,0.2486713037435238,0.2459873162638259,5660.0
weighted avg,0.3623802520755082,0.36590106007067136,0.36141977464854286,5660.0
