{
  "task": "HumanActivityRecognition",
  "model": "transformer",
  "experiment_id": "params_1748836083_743dcae1",
  "test_splits": [
    "test_cross_device",
    "test_cross_env",
    "test_cross_user",
    "test"
  ],
  "best_validation": {
    "accuracy": 0.8959622752726201,
    "loss": 0.5009142577958604,
    "f1_score": 0.8807063146261322,
    "epoch": 38
  },
  "test_results": {
    "test_cross_device": {
      "loss": 5.418558411109141,
      "accuracy": 0.3150463896732553,
      "f1_score": 0.20152863396100415
    },
    "test_cross_env": {
      "loss": 5.6685388439231446,
      "accuracy": 0.36590106007067136,
      "f1_score": 0.1420261060778302
    },
    "test_cross_user": {
      "loss": 4.55938664624626,
      "accuracy": 0.506116976705212,
      "f1_score": 0.3452300392349125
    },
    "test": {
      "loss": 0.5899611672783202,
      "accuracy": 0.8811764705882353,
      "f1_score": 0.8568664786086785
    }
  }
}