,precision,recall,f1-score,support
jumping,0.07221542227662178,0.10405643738977072,0.08526011560693642,567.0
running,0.0,0.0,0.0,631.0
seated-breathing,0.2318125770653514,0.2578875171467764,0.24415584415584415,729.0
walking,0.5087142387372575,0.6306563391765185,0.5631598107025846,2453.0
wavinghand,0.07142857142857142,0.029411764705882353,0.041666666666666664,578.0
accuracy,0.3652682533279548,0.3652682533279548,0.3652682533279548,0.3652682533279548
macro avg,0.17683416190156043,0.20440241168378956,0.18684848742640636,4958.0
weighted avg,0.30235967225084565,0.3652682533279548,0.32913401470865605,4958.0
