,precision,recall,f1-score,support
jumping,0.10608856088560886,0.1649928263988522,0.1291409320606401,697.0
running,0.09395973154362416,0.0603448275862069,0.07349081364829396,696.0
seated-breathing,0.14035087719298245,0.056179775280898875,0.0802407221664995,712.0
walking,0.5056753688989785,0.6312433581296493,0.561525129982669,2823.0
wavinghand,0.178125,0.0778688524590164,0.10836501901140684,732.0
accuracy,0.3597173144876325,0.3597173144876325,0.3597173144876325,0.3597173144876325
macro avg,0.2048399077042388,0.19812592797092474,0.19055252337390188,5660.0
weighted avg,0.31752271926764164,0.35971731448763244,0.32911676077481467,5660.0
