,precision,recall,f1-score,support
jumping,0.20833333333333334,0.14548238897396631,0.17132551848512173,653.0
running,0.10541310541310542,0.045454545454545456,0.06351931330472103,814.0
seated-breathing,0.5244755244755245,0.1984126984126984,0.28790786948176583,756.0
walking,0.6185047138785355,0.939081225033289,0.7458030403172505,3004.0
wavinghand,0.26517571884984026,0.11216216216216217,0.157644824311491,740.0
accuracy,0.5339366515837104,0.5339366515837104,0.5339366515837104,0.5339366515837104
macro avg,0.34438047919006776,0.28811860400733225,0.28524011318007003,5967.0
weighted avg,0.44789167478069936,0.5339366515837104,0.4589053355174403,5967.0
