,precision,recall,f1-score,support
jumping,0.7356020942408377,0.8388059701492537,0.7838214783821479,335.0
running,0.8661800486618005,0.7928730512249443,0.827906976744186,449.0
seated-breathing,0.9096638655462185,0.9331896551724138,0.9212765957446809,464.0
walking,0.9752564876282438,0.9314121037463977,0.9528301886792453,1735.0
wavinghand,0.8072805139186295,0.9195121951219513,0.8597491448118586,410.0
accuracy,0.9027409372236959,0.9027409372236959,0.9027409372236959,0.9027409372236959
macro avg,0.8587966019991461,0.8831585950829922,0.8691168768724238,3393.0
weighted avg,0.9078928953064885,0.9027409372236959,0.9040496006404491,3393.0
