,precision,recall,f1-score,support
jumping,0.7575757575757576,0.7947976878612717,0.7757404795486601,346.0
running,0.8483290488431876,0.7764705882352941,0.8108108108108109,425.0
seated-breathing,0.8687258687258688,0.9183673469387755,0.8928571428571429,490.0
walking,0.9695906432748538,0.9377828054298643,0.953421506612996,1768.0
wavinghand,0.7904761904761904,0.894878706199461,0.8394437420986094,371.0
accuracy,0.8955882352941177,0.8955882352941177,0.8955882352941177,0.8955882352941177
macro avg,0.8469395017791717,0.8644594269329333,0.8544547363856438,3400.0
weighted avg,0.8987763698623089,0.8955882352941177,0.8963481330967035,3400.0
