,precision,recall,f1-score,support
jumping,0.7682926829268293,0.7283236994219653,0.7477744807121661,346.0
running,0.7843601895734598,0.7788235294117647,0.781582054309327,425.0
seated-breathing,0.876953125,0.9163265306122449,0.8962075848303394,490.0
walking,0.9462973431317129,0.9468325791855203,0.9465648854961832,1768.0
wavinghand,0.8292682926829268,0.8247978436657682,0.827027027027027,371.0
accuracy,0.8858823529411765,0.8858823529411765,0.8858823529411765,0.8858823529411765
macro avg,0.8410343266629857,0.8390208364594528,0.8398312064750085,3400.0
weighted avg,0.885176946868717,0.8858823529411765,0.8854111189879466,3400.0
