,precision,recall,f1-score,support
jumping,0.7701492537313432,0.7701492537313432,0.7701492537313432,335.0
running,0.7828054298642534,0.7706013363028953,0.77665544332211,449.0
seated-breathing,0.9110169491525424,0.9267241379310345,0.9188034188034188,464.0
walking,0.9513888888888888,0.947550432276657,0.9494657811146405,1735.0
wavinghand,0.8485576923076923,0.8609756097560975,0.8547215496368039,410.0
accuracy,0.8933097553787209,0.8933097553787209,0.8933097553787209,0.8933097553787209
macro avg,0.852783642788944,0.8552001539996056,0.8539590893216633,3393.0
weighted avg,0.89323898570121,0.8933097553787209,0.893251413487004,3393.0
