,precision,recall,f1-score,support
jumping,0.11446469248291571,0.3544973544973545,0.1730520878174774,567.0
running,0.047619047619047616,0.014263074484944533,0.02195121951219512,631.0
seated-breathing,0.15333333333333332,0.03155006858710562,0.05233219567690557,729.0
walking,0.5444693572496263,0.5939665715450468,0.5681419379996101,2453.0
wavinghand,0.19786096256684493,0.06401384083044982,0.09673202614379085,578.0
accuracy,0.3483259378781767,0.3483259378781767,0.3483259378781767,0.3483259378781767
macro avg,0.21154947865035362,0.2116581819889803,0.1824418934299958,4958.0
weighted avg,0.33414200673303784,0.3483259378781767,0.3226472789385485,4958.0
