,precision,recall,f1-score,support
jumping,0.10267379679144385,0.13773314203730272,0.11764705882352941,697.0
running,0.09862570735650768,0.1752873563218391,0.12622866011381273,696.0
seated-breathing,0.21774193548387097,0.11376404494382023,0.14944649446494465,712.0
walking,0.5170715692711753,0.5579171094580234,0.536718350655989,2823.0
wavinghand,0.5285714285714286,0.050546448087431695,0.09226932668329177,732.0
accuracy,0.33763250883392226,0.33763250883392226,0.33763250883392226,0.33763250883392226
macro avg,0.2929368874948853,0.20704962016968342,0.20446197814831352,5660.0
weighted avg,0.3784181470874726,0.33763250883392226,0.32843782730252313,5660.0
