,precision,recall,f1-score,support
jumping,0.16104868913857678,0.13169984686064318,0.14490311710193765,653.0
running,0.08565310492505353,0.04914004914004914,0.0624512099921936,814.0
seated-breathing,0.6682692307692307,0.18386243386243387,0.2883817427385892,756.0
walking,0.5936692506459949,0.9177762982689747,0.7209728033472803,3004.0
wavinghand,0.30701754385964913,0.0472972972972973,0.08196721311475409,740.0
accuracy,0.5123177476118652,0.5123177476118652,0.5123177476118652,0.5123177476118652
macro avg,0.363131563867701,0.2659551850858796,0.259735217258951,5967.0
weighted avg,0.4509256529704595,0.5123177476118652,0.43404250995001376,5967.0
