{
  "test_cross_device": {
    "loss": 4.429475053810538,
    "accuracy": 0.3483259378781767,
    "f1_score": 0.12939429897604496
  },
  "test_cross_env": {
    "loss": 5.583460830645655,
    "accuracy": 0.33763250883392226,
    "f1_score": 0.10474048800661705
  },
  "test_cross_user": {
    "loss": 3.92969184456795,
    "accuracy": 0.5123177476118652,
    "f1_score": 0.16085930693541042
  },
  "test": {
    "loss": 0.5129670789980015,
    "accuracy": 0.8858823529411765,
    "f1_score": 0.8558582827282689
  }
}