,precision,recall,f1-score,support
jumping,0.8102893890675241,0.7283236994219653,0.7671232876712328,346.0
running,0.795774647887324,0.7976470588235294,0.7967097532314924,425.0
seated-breathing,0.8822393822393823,0.9326530612244898,0.9067460317460317,490.0
walking,0.9619157530294288,0.9428733031674208,0.9522993430448443,1768.0
wavinghand,0.7961165048543689,0.8840970350404312,0.8378033205619413,371.0
accuracy,0.895,0.895,0.895,0.895
macro avg,0.8492671354156055,0.8571188315355673,0.8521363472511085,3400.0
weighted avg,0.8961435076246395,0.895,0.894947684895574,3400.0
