,precision,recall,f1-score,support
jumping,0.08898305084745763,0.06431852986217458,0.07466666666666667,653.0
running,0.07329842931937172,0.0343980343980344,0.046822742474916385,814.0
seated-breathing,0.45913461538461536,0.2526455026455027,0.32593856655290104,756.0
walking,0.5914317925591883,0.8731691078561917,0.7052023121387283,3004.0
wavinghand,0.22519083969465647,0.07972972972972973,0.11776447105788423,740.0
accuracy,0.49321266968325794,0.49321266968325794,0.49321266968325794,0.49321266968325794
macro avg,0.2876077455610579,0.2608521808983266,0.2540789517782193,5967.0
weighted avg,0.4035828639386585,0.49321266968325794,0.42548249644201147,5967.0
