,precision,recall,f1-score,support
jumping,0.8491803278688524,0.7731343283582089,0.809375,335.0
running,0.8230088495575221,0.8285077951002228,0.8257491675915649,449.0
seated-breathing,0.8588469184890656,0.9310344827586207,0.8934850051706308,464.0
walking,0.9737939249553306,0.9423631123919308,0.9578207381370826,1735.0
wavinghand,0.8039647577092511,0.8902439024390244,0.8449074074074074,410.0
accuracy,0.9027409372236959,0.9027409372236959,0.9027409372236959,0.9027409372236959
macro avg,0.8617589557160044,0.8730567242096015,0.8662674636613371,3393.0
weighted avg,0.9052960105878607,0.9027409372236959,0.9032449340856648,3393.0
