,precision,recall,f1-score,support
jumping,0.10116959064327485,0.30511463844797176,0.15195432586736934,567.0
running,0.08806818181818182,0.0491283676703645,0.06307222787385554,631.0
seated-breathing,0.04790419161676647,0.02194787379972565,0.030103480714957668,729.0
walking,0.5733211512105985,0.5116184264166327,0.5407152089616545,2453.0
wavinghand,0.05630026809651475,0.03633217993079585,0.04416403785488959,578.0
accuracy,0.3017345703912868,0.3017345703912868,0.3017345703912868,0.3017345703912868
macro avg,0.17335267667706727,0.18482829725309807,0.16600185625454533,4958.0
weighted avg,0.3200392648628511,0.3017345703912868,0.3025016816174808,4958.0
