,precision,recall,f1-score,support
jumping,0.11917098445595854,0.13199426111908177,0.12525527569775358,697.0
running,0.13803680981595093,0.12931034482758622,0.13353115727002968,696.0
seated-breathing,0.12165450121654502,0.0702247191011236,0.08904719501335707,712.0
walking,0.5083752093802345,0.6450584484590861,0.5686182669789227,2823.0
wavinghand,0.22633744855967078,0.07513661202185792,0.11282051282051282,732.0
accuracy,0.3724381625441696,0.3724381625441696,0.3724381625441696,0.3724381625441696
macro avg,0.22271499068567197,0.21034487710574715,0.2058544815561152,5660.0
weighted avg,0.32978375072260885,0.3724381625441696,0.34124314461782673,5660.0
