{
  "task": "ProximityRecognition",
  "model": "patchtst",
  "experiment_id": "params_1748764858_cd9b12d7",
  "test_splits": [
    "test_cross_device",
    "test_cross_env",
    "test_cross_user",
    "test"
  ],
  "best_validation": {
    "accuracy": 0.9062776304155614,
    "loss": 0.38020635498267236,
    "f1_score": 0.8974539187499896,
    "epoch": 14
  },
  "test_results": {
    "test_cross_device": {
      "loss": 4.974523705281172,
      "accuracy": 0.3017345703912868,
      "f1_score": 0.1232629153762196
    },
    "test_cross_env": {
      "loss": 5.347826178860262,
      "accuracy": 0.3724381625441696,
      "f1_score": 0.22348319068923037
    },
    "test_cross_user": {
      "loss": 4.000142338716575,
      "accuracy": 0.49321266968325794,
      "f1_score": 0.15185493453686066
    },
    "test": {
      "loss": 0.43905797122958273,
      "accuracy": 0.895,
      "f1_score": 0.8789849208794632
    }
  }
}