{
  "test_cross_device": {
    "loss": 4.974523705281172,
    "accuracy": 0.3017345703912868,
    "f1_score": 0.1232629153762196
  },
  "test_cross_env": {
    "loss": 5.347826178860262,
    "accuracy": 0.3724381625441696,
    "f1_score": 0.22348319068923037
  },
  "test_cross_user": {
    "loss": 4.000142338716575,
    "accuracy": 0.49321266968325794,
    "f1_score": 0.15185493453686066
  },
  "test": {
    "loss": 0.43905797122958273,
    "accuracy": 0.895,
    "f1_score": 0.8789849208794632
  }
}