{
  "best_experiment_id": "params_1748763985_af4718e1",
  "best_val_accuracy": 0.8944886531093428,
  "best_val_loss": 0.45289877589729494,
  "best_val_f1": 0.8772367971475599,
  "best_epoch": 14,
  "timestamp": "2025-06-01 16:30:21",
  "best_test_accuracies": {
    "test_cross_device": 0.3313836224283985,
    "test_cross_env": 0.338339222614841,
    "test_cross_user": 0.5067873303167421,
    "test": 0.8852941176470588
  },
  "best_test_f1_scores": {
    "test_cross_device": 0.12828907622159946,
    "test_cross_env": 0.11009361009361011,
    "test_cross_user": 0.1579418103448276,
    "test": 0.8545165373344294
  }
}