,precision,recall,f1-score,support
jumping,0.07023809523809524,0.10405643738977072,0.08386638237384506,567.0
running,0.017857142857142856,0.001584786053882726,0.002911208151382824,631.0
seated-breathing,0.21818181818181817,0.26337448559670784,0.23865755127408328,729.0
walking,0.5064979480164159,0.603750509580106,0.5508647944950716,2453.0
wavinghand,0.05813953488372093,0.025951557093425604,0.03588516746411483,578.0
accuracy,0.3525615167406212,0.3525615167406212,0.3525615167406212,0.3525615167406212
macro avg,0.1741829078354386,0.19974355514277858,0.18243702075169954,4958.0
weighted avg,0.299756256604369,0.3525615167406212,0.32177965585295853,4958.0
