,precision,recall,f1-score,support
jumping,0.7407407407407407,0.835820895522388,0.7854137447405329,335.0
running,0.8787128712871287,0.7906458797327395,0.8323563892145369,449.0
seated-breathing,0.8913934426229508,0.9375,0.9138655462184874,464.0
walking,0.9775075987841946,0.9268011527377522,0.9514792899408284,1735.0
wavinghand,0.7928870292887029,0.9243902439024391,0.8536036036036037,410.0
accuracy,0.900972590627763,0.900972590627763,0.900972590627763,0.900972590627763
macro avg,0.8562483365447434,0.8830316343790638,0.867343714743598,3393.0
weighted avg,0.9069720455738473,0.900972590627763,0.9023487421796637,3393.0
