,precision,recall,f1-score,support
jumping,0.10410958904109589,0.16355810616929697,0.12723214285714285,697.0
running,0.0949367088607595,0.06465517241379311,0.07692307692307693,696.0
seated-breathing,0.11616161616161616,0.06460674157303371,0.08303249097472924,712.0
walking,0.5066391265860136,0.608218207580588,0.5528010302640052,2823.0
wavinghand,0.17320261437908496,0.07240437158469945,0.10211946050096339,732.0
accuracy,0.3489399293286219,0.3489399293286219,0.3489399293286219,0.3489399293286219
macro avg,0.199009931005714,0.19468851986428223,0.1884216403039835,5660.0
weighted avg,0.314200348359295,0.3489399293286219,0.32449596328725955,5660.0
