,precision,recall,f1-score,support
jumping,0.19665271966527198,0.1439509954058193,0.16622458001768348,653.0
running,0.11049723756906077,0.04914004914004914,0.06802721088435375,814.0
seated-breathing,0.47289156626506024,0.20767195767195767,0.28860294117647056,756.0
walking,0.6240769747147012,0.9284287616511319,0.7464204469423257,3004.0
wavinghand,0.2607361963190184,0.11486486486486487,0.15947467166979362,740.0
accuracy,0.5304172951231775,0.5304172951231775,0.5304172951231775,0.5304172951231775
macro avg,0.33297093890662255,0.2888113257467646,0.2857499701381254,5967.0
weighted avg,0.44302614693113124,0.5304172951231775,0.4595878839603178,5967.0
