,precision,recall,f1-score,support
jumping,0.7513966480446927,0.7774566473988439,0.7642045454545454,346.0
running,0.84375,0.7623529411764706,0.8009888751545118,425.0
seated-breathing,0.846441947565543,0.9224489795918367,0.8828125,490.0
walking,0.9745260663507109,0.9304298642533937,0.9519675925925926,1768.0
wavinghand,0.7660550458715596,0.9002695417789758,0.8277571251548946,371.0
accuracy,0.8894117647058823,0.8894117647058823,0.8894117647058823,0.8894117647058823
macro avg,0.8364339415665013,0.8585915948399041,0.845546127671309,3400.0
weighted avg,0.8942653093697016,0.8894117647058823,0.890467578471797,3400.0
