,precision,recall,f1-score,support
jumping,0.7450980392156863,0.7940298507462686,0.7687861271676301,335.0
running,0.7949308755760369,0.7683741648106904,0.7814269535673839,449.0
seated-breathing,0.913135593220339,0.9288793103448276,0.9209401709401709,464.0
walking,0.9535153980244044,0.945821325648415,0.9496527777777778,1735.0
wavinghand,0.8606356968215159,0.8585365853658536,0.8595848595848596,410.0
accuracy,0.8944886531093428,0.8944886531093428,0.8944886531093428,0.8944886531093428
macro avg,0.8534631205715965,0.8591282473832111,0.8560781778075643,3393.0
weighted avg,0.8952067706437655,0.8944886531093428,0.894723741804712,3393.0
