,precision,recall,f1-score,support
jumping,0.15764331210191082,0.15160796324655437,0.15456674473067916,653.0
running,0.08571428571428572,0.04791154791154791,0.061465721040189124,814.0
seated-breathing,0.6717948717948717,0.17328042328042328,0.2754994742376446,756.0
walking,0.5932461873638344,0.9064580559254327,0.7171451145641295,3004.0
wavinghand,0.32323232323232326,0.043243243243243246,0.07628128724672228,740.0
accuracy,0.5067873303167421,0.5067873303167421,0.5067873303167421,0.5067873303167421
macro avg,0.3663261960414452,0.2645002467214403,0.25699166836387294,5967.0
weighted avg,0.45280591595169717,0.5067873303167421,0.4307013340829105,5967.0
