,precision,recall,f1-score,support
jumping,0.11671612265084075,0.16929698708751795,0.13817330210772832,697.0
running,0.10141313383208644,0.1752873563218391,0.12848867825171142,696.0
seated-breathing,0.22033898305084745,0.10955056179775281,0.14634146341463414,712.0
walking,0.5150115473441108,0.552957846262841,0.5333105568841817,2823.0
wavinghand,0.5901639344262295,0.04918032786885246,0.09079445145018916,732.0
accuracy,0.338339222614841,0.338339222614841,0.338339222614841,0.338339222614841
macro avg,0.308728744260823,0.21125461586776068,0.20742169042168895,5660.0
weighted avg,0.38775505878434563,0.338339222614841,0.3289624159238659,5660.0
