,precision,recall,f1-score,support
jumping,0.7277777777777777,0.7572254335260116,0.7422096317280453,346.0
running,0.7874396135265701,0.7670588235294118,0.7771156138259833,425.0
seated-breathing,0.8851485148514852,0.9122448979591836,0.8984924623115578,490.0
walking,0.95,0.9457013574660633,0.9478458049886621,1768.0
wavinghand,0.8393351800554016,0.816711590296496,0.8278688524590164,371.0
accuracy,0.8852941176470588,0.8852941176470588,0.8852941176470588,0.8852941176470588
macro avg,0.837940217242247,0.8397884205554332,0.8387064730626529,3400.0
weighted avg,0.8856438443934367,0.8852941176470588,0.8853737360202528,3400.0
