,precision,recall,f1-score,support
jumping,0.10982948846539618,0.3862433862433862,0.17102694260054666,567.0
running,0.03414634146341464,0.011093502377179081,0.01674641148325359,631.0
seated-breathing,0.12727272727272726,0.019204389574759947,0.033373063170441,729.0
walking,0.55,0.5605381165919282,0.5552190591560671,2453.0
wavinghand,0.18791946308724833,0.04844290657439446,0.07702888583218707,578.0
accuracy,0.3313836224283985,0.3313836224283985,0.3313836224283985,0.3313836224283985
macro avg,0.2018336040577573,0.2051044602723296,0.17067887244849905,4958.0
weighted avg,0.3296427852500085,0.3313836224283985,0.310274964355089,4958.0
