,precision,recall,f1-score,support
jumping,0.23694779116465864,0.0903522205206738,0.13082039911308205,653.0
running,0.14102564102564102,0.02702702702702703,0.04536082474226804,814.0
seated-breathing,0.411,0.5436507936507936,0.46810933940774485,756.0
walking,0.6386060194614166,0.9394141145139814,0.7603394853832682,3004.0
wavinghand,0.23776223776223776,0.04594594594594595,0.07701019252548132,740.0
accuracy,0.5610859728506787,0.5610859728506787,0.5610859728506787,0.5610859728506787
macro avg,0.3330683378827908,0.32927802033168435,0.2963280482343689,5967.0
weighted avg,0.44822428654793783,0.5610859728506787,0.4721447040579014,5967.0
