,precision,recall,f1-score,support
jumping,0.22522522522522523,0.07462686567164178,0.11210762331838565,335.0
running,0.41139240506329117,0.1447661469933185,0.214168039538715,449.0
seated-breathing,0.3102906520031422,0.8512931034482759,0.4548071387449626,464.0
walking,0.8085373509102323,0.7423631123919309,0.7740384615384616,1735.0
wavinghand,0.17829457364341086,0.11219512195121951,0.1377245508982036,410.0
accuracy,0.5361037430002947,0.5361037430002947,0.5361037430002947,0.5361037430002947
macro avg,0.3867480413690604,0.38504887009127736,0.3385691628077457,3393.0
weighted avg,0.5540977252803941,0.5361037430002947,0.5140500479162096,3393.0
