,precision,recall,f1-score,support
0,0.3,0.08670520231213873,0.13452914798206278,346.0
1,0.40331491712707185,0.17176470588235293,0.24092409240924093,425.0
2,0.33857030636292224,0.8795918367346939,0.48893930799773117,490.0
3,0.8161577608142494,0.7256787330316742,0.7682634730538922,1768.0
4,0.1678832116788321,0.12398921832884097,0.14263565891472868,371.0
accuracy,0.5479411764705883,0.5479411764705883,0.5479411764705883,0.5479411764705883
macro avg,0.40518523919661514,0.39754593925794013,0.35505833607153114,3400.0
weighted avg,0.5724587889850815,0.5479411764705883,0.5293316868268397,3400.0
