,precision,recall,f1-score,support
jumping,0.13821138211382114,0.024390243902439025,0.041463414634146344,697.0
running,0.16032608695652173,0.08477011494252873,0.11090225563909774,696.0
seated-breathing,0.15019115237575095,0.3862359550561798,0.2162799842705466,712.0
walking,0.555483662245228,0.608218207580588,0.5806560703415624,2823.0
wavinghand,0.17408906882591094,0.05874316939890711,0.08784473953013279,732.0
accuracy,0.37296819787985863,0.37296819787985863,0.37296819787985863,0.37296819787985863
macro avg,0.23566027050344657,0.2324715381761285,0.20742929288309714,5660.0
weighted avg,0.3551978740716348,0.37296819787985863,0.3469211580628497,5660.0
