,precision,recall,f1-score,support
jumping,0.16995073891625614,0.12169312169312169,0.14182939362795477,567.0
running,0.128099173553719,0.0491283676703645,0.07101947308132875,631.0
seated-breathing,0.32284644194756557,0.5912208504801097,0.4176356589147287,729.0
walking,0.5396825396825397,0.5544231553200163,0.5469535491654937,2453.0
wavinghand,0.14065934065934066,0.11072664359861592,0.12391093901258471,578.0
accuracy,0.39431222267043164,0.39431222267043164,0.39431222267043164,0.39431222267043164
macro avg,0.2602476469518842,0.28543842775244566,0.2602698027604181,4958.0
weighted avg,0.3666176023396648,0.39431222267043164,0.37171934810456553,4958.0
