{
    "test_cross_device": {
        "loss": 1.861641167247906,
        "accuracy": 0.39431222267043164,
        "f1_score": 0.37171934810456553
    },
    "test_cross_env": {
        "loss": 2.2666981572186566,
        "accuracy": 0.37296819787985863,
        "f1_score": 0.3469211580628497
    },
    "test_cross_user": {
        "loss": 1.2287532652924762,
        "accuracy": 0.5610859728506787,
        "f1_score": 0.4721447040579014
    },
    "test": {
        "loss": 1.2076095668357962,
        "accuracy": 0.5479411764705883,
        "f1_score": 0.5293316868268397
    }
}