{
    "best_epoch": 96,
    "best_val_loss": 1.1093643920947907,
    "best_val_accuracy": 0.5767757147067492,
    "experiment_id": "params_35e6402297",
    "experiment_completed": true,
    "test_cross_device_accuracy": 0.39431222267043164,
    "test_cross_device_f1_score": 0.37171934810456553,
    "test_cross_env_accuracy": 0.37296819787985863,
    "test_cross_env_f1_score": 0.3469211580628497,
    "test_cross_user_accuracy": 0.5610859728506787,
    "test_cross_user_f1_score": 0.4721447040579014,
    "test_accuracy": 0.5479411764705883,
    "test_f1_score": 0.5293316868268397
}