,precision,recall,f1-score,support
jumping,0.8057553956834532,0.6473988439306358,0.717948717948718,346.0
running,0.7272727272727273,0.7717647058823529,0.7488584474885844,425.0
seated-breathing,0.8592870544090057,0.9346938775510204,0.895405669599218,490.0
walking,0.9420783645655877,0.9383484162895928,0.9402096911306319,1768.0
wavinghand,0.8620689655172413,0.876010781671159,0.8689839572192514,371.0
accuracy,0.8805882352941177,0.8805882352941177,0.8805882352941177,0.8805882352941177
macro avg,0.8392925014896031,0.8336433250649522,0.8342812966772808,3400.0
weighted avg,0.8806926668872506,0.8805882352941177,0.8794434284540651,3400.0
