,precision,recall,f1-score,support
jumping,0.7651245551601423,0.6417910447761194,0.698051948051948,335.0
running,0.7873303167420814,0.7750556792873051,0.7811447811447811,449.0
seated-breathing,0.8395303326810176,0.9245689655172413,0.88,464.0
walking,0.9444765760555234,0.9412103746397694,0.9428406466512702,1735.0
wavinghand,0.8116279069767441,0.8512195121951219,0.830952380952381,410.0
accuracy,0.8765104627173592,0.8765104627173592,0.8765104627173592,0.8765104627173592
macro avg,0.8296179375231019,0.8267691152831114,0.826597951360076,3393.0
weighted avg,0.8755686454101481,0.8765104627173592,0.8751607449047566,3393.0
