,precision,recall,f1-score,support
jumping,0.18877551020408162,0.05666156202143951,0.08716136631330977,653.0
running,0.15198618307426598,0.10810810810810811,0.12634601579325197,814.0
seated-breathing,0.4716981132075472,0.23148148148148148,0.3105590062111801,756.0
walking,0.5775242923531897,0.9101198402130493,0.7066425432928405,3004.0
wavinghand,0.20689655172413793,0.024324324324324326,0.04353083434099154,740.0
accuracy,0.5114798055974527,0.5114798055974527,0.5114798055974527,0.5114798055974527
macro avg,0.3193761301126445,0.2661390632296805,0.2548479531903148,5967.0
weighted avg,0.41755946996404675,0.5114798055974527,0.4272685864283521,5967.0
