,precision,recall,f1-score,support
jumping,0.05918367346938776,0.04160688665710186,0.04886267902274642,697.0
running,0.14507772020725387,0.1206896551724138,0.13176470588235295,696.0
seated-breathing,0.1464318813716404,0.22191011235955055,0.17643774427694026,712.0
walking,0.48654369519201696,0.5699610343606093,0.5249592169657422,2823.0
wavinghand,0.04878048780487805,0.01366120218579235,0.021344717182497332,732.0
accuracy,0.3339222614840989,0.3339222614840989,0.3339222614840989,0.3339222614840989
macro avg,0.17720349160903542,0.19356577814709358,0.18067381266605584,5660.0
weighted avg,0.29252734660940893,0.3339222614840989,0.30900590087809743,5660.0
