,precision,recall,f1-score,support
jumping,0.10072992700729927,0.12169312169312169,0.11022364217252396,567.0
running,0.11432325886990802,0.13787638668779714,0.125,631.0
seated-breathing,0.06921241050119331,0.039780521262002745,0.050522648083623695,729.0
walking,0.5055350553505535,0.6143497757847534,0.5546558704453441,2453.0
wavinghand,0.008928571428571428,0.0017301038062283738,0.002898550724637681,578.0
accuracy,0.3414683340056474,0.3414683340056474,0.3414683340056474,0.3414683340056474
macro avg,0.15974584463150512,0.18308598184678068,0.16866014228522588,4958.0
weighted avg,0.2874033677442603,0.3414683340056474,0.3106996829540243,4958.0
