,precision,recall,f1-score,support
jumping,0.10453762205628948,0.32098765432098764,0.15771230502599654,567.0
running,0.06628242074927954,0.03645007923930269,0.04703476482617587,631.0
seated-breathing,0.06461538461538462,0.02880658436213992,0.03984819734345351,729.0
walking,0.5795768169273229,0.5136567468406034,0.5446293494704992,2453.0
wavinghand,0.04582210242587601,0.029411764705882353,0.03582718651211802,578.0
accuracy,0.3031464300121017,0.3031464300121017,0.3031464300121017,0.3031464300121017
macro avg,0.17216686935483053,0.1858625658937832,0.16501036063564864,4958.0
weighted avg,0.3219824045397754,0.3031464300121017,0.3035165505190749,4958.0
