,precision,recall,f1-score,support
jumping,0.09172661870503597,0.0781010719754977,0.08436724565756824,653.0
running,0.06470588235294118,0.02702702702702703,0.038128249566724434,814.0
seated-breathing,0.47117794486215536,0.24867724867724866,0.3255411255411255,756.0
walking,0.5887387387387387,0.87017310252996,0.7023105857066093,3004.0
wavinghand,0.2413793103448276,0.07567567567567568,0.11522633744855967,740.0
accuracy,0.49120160884866765,0.49120160884866765,0.49120160884866765,0.49120160884866765
macro avg,0.2915456990007398,0.2599308251770818,0.2531147087841174,5967.0
weighted avg,0.404888630365647,0.49120160884866765,0.4235370850754793,5967.0
