,precision,recall,f1-score,support
jumping,0.11616161616161616,0.13199426111908177,0.12357286769644056,697.0
running,0.13934426229508196,0.1221264367816092,0.13016845329249618,696.0
seated-breathing,0.12311557788944724,0.06882022471910113,0.08828828828828829,712.0
walking,0.5076502732240438,0.6581650726177825,0.5731914237235848,2823.0
wavinghand,0.22,0.060109289617486336,0.0944206008583691,732.0
accuracy,0.3759717314487632,0.3759717314487632,0.3759717314487632,0.3759717314487632
macro avg,0.22125434591403784,0.20824305697101217,0.20192832677183578,5660.0
weighted avg,0.32857654872628717,0.3759717314487632,0.34042827960022326,5660.0
