,precision,recall,f1-score,support
jumping,0.8354430379746836,0.7880597014925373,0.8110599078341014,335.0
running,0.8433179723502304,0.8151447661469933,0.8289920724801813,449.0
seated-breathing,0.864,0.9310344827586207,0.8962655601659751,464.0
walking,0.9720902612826603,0.9435158501440922,0.9575899385785317,1735.0
wavinghand,0.7952069716775599,0.8902439024390244,0.8400460299194477,410.0
accuracy,0.9030356616563513,0.9030356616563513,0.9030356616563513,0.9030356616563513
macro avg,0.8620116486570268,0.8735997405962536,0.8667907017956475,3393.0
weighted avg,0.9054024901326223,0.9030356616563513,0.9035152211275461,3393.0
