,precision,recall,f1-score,support
jumping,0.803076923076923,0.7543352601156069,0.7779433681073026,346.0
running,0.808252427184466,0.7835294117647059,0.7956989247311828,425.0
seated-breathing,0.8781431334622823,0.926530612244898,0.9016881827209533,490.0
walking,0.9597469810235768,0.9440045248868778,0.9518106643855146,1768.0
wavinghand,0.7985257985257985,0.876010781671159,0.8354755784061697,371.0
accuracy,0.8947058823529411,0.8947058823529411,0.8947058823529411,0.8947058823529411
macro avg,0.8495490526546092,0.8568821181366495,0.8525233436702246,3400.0
weighted avg,0.895514048834496,0.8947058823529411,0.8946853976857132,3400.0
