{
  "test_cross_device": {
    "loss": 5.308273817951909,
    "accuracy": 0.3031464300121017,
    "f1_score": 0.1216189402170667
  },
  "test_cross_env": {
    "loss": 5.510819926303463,
    "accuracy": 0.3759717314487632,
    "f1_score": 0.22637725515463916
  },
  "test_cross_user": {
    "loss": 4.170703248679235,
    "accuracy": 0.49120160884866765,
    "f1_score": 0.15466379504136604
  },
  "test": {
    "loss": 0.4422272977344282,
    "accuracy": 0.8947058823529411,
    "f1_score": 0.8745789317149172
  }
}