,precision,recall,f1-score,support
jumping,0.08546168958742632,0.15343915343915343,0.10977917981072555,567.0
running,0.096579476861167,0.15213946117274169,0.11815384615384615,631.0
seated-breathing,0.22305764411027568,0.24417009602194786,0.23313686967910938,729.0
walking,0.54541015625,0.4553607827150428,0.49633414796711844,2453.0
wavinghand,0.07,0.012110726643598616,0.02064896755162242,578.0
accuracy,0.29951593384429204,0.29951593384429204,0.29951593384429204,0.29951593384429204
macro avg,0.20410179336177378,0.2034440439984969,0.1956106022324844,4958.0
weighted avg,0.3328678022858225,0.29951593384429204,0.3098425611294894,4958.0
