,precision,recall,f1-score,support
jumping,0.7478991596638656,0.7970149253731343,0.7716763005780347,335.0
running,0.7977011494252874,0.7728285077951003,0.7850678733031674,449.0
seated-breathing,0.8372549019607843,0.9202586206896551,0.8767967145790554,464.0
walking,0.9805764411027569,0.9020172910662824,0.9396577604323026,1735.0
wavinghand,0.7595959595959596,0.9170731707317074,0.830939226519337,410.0
accuracy,0.878868258178603,0.878868258178603,0.878868258178603,0.878868258178603
macro avg,0.8246055223497308,0.861838503131176,0.8408275750823794,3393.0
weighted avg,0.8871013197279043,0.878868258178603,0.8808818180354904,3393.0
