,precision,recall,f1-score,support
jumping,0.7463126843657817,0.7312138728323699,0.7386861313868613,346.0
running,0.784503631961259,0.7623529411764706,0.7732696897374701,425.0
seated-breathing,0.8391866913123844,0.926530612244898,0.8806983511154219,490.0
walking,0.9753753753753753,0.918552036199095,0.9461112729391203,1768.0
wavinghand,0.7601809954751131,0.9056603773584906,0.8265682656826568,371.0
accuracy,0.8797058823529412,0.8797058823529412,0.8797058823529412,0.8797058823529412
macro avg,0.8211118756979827,0.8488619679622648,0.8330667421723061,3400.0
weighted avg,0.8850972129712043,0.8797058823529412,0.8809261084616076,3400.0
