,precision,recall,f1-score,support
jumping,0.16929133858267717,0.13169984686064318,0.14814814814814814,653.0
running,0.1237410071942446,0.10565110565110565,0.11398277004638833,814.0
seated-breathing,0.38106796116504854,0.20767195767195767,0.2688356164383562,756.0
walking,0.6299828808999756,0.8575233022636485,0.7263499224587622,3004.0
wavinghand,0.13688212927756654,0.04864864864864865,0.07178464606181456,740.0
accuracy,0.4928774928774929,0.4928774928774929,0.4928774928774929,0.4928774928774929
macro avg,0.2881930634239025,0.27023897221920073,0.2658202206306939,5967.0
weighted avg,0.41781819213680343,0.4928774928774929,0.4403952148043846,5967.0
