,precision,recall,f1-score,support
jumping,0.13675213675213677,0.2065997130559541,0.16457142857142856,697.0
running,0.21787709497206703,0.2801724137931034,0.24512884978001256,696.0
seated-breathing,0.13408723747980614,0.11657303370786516,0.1247182569496619,712.0
walking,0.5567086730911787,0.5320580942260007,0.5441043289259192,2823.0
wavinghand,0.21518987341772153,0.11612021857923498,0.15084294587400177,732.0
accuracy,0.3549469964664311,0.3549469964664311,0.3549469964664311,0.3549469964664311
macro avg,0.252123003142582,0.25030469467243166,0.24587316202020482,5660.0
weighted avg,0.3659958272050512,0.3549469964664311,0.3569856750966383,5660.0
