,precision,recall,f1-score,support
jumping,0.43351063829787234,0.48656716417910445,0.45850914205344584,335.0
running,0.543859649122807,0.48329621380846327,0.5117924528301887,449.0
seated-breathing,0.8065268065268065,0.7456896551724138,0.77491601343785,464.0
walking,0.8735177865612648,0.89164265129683,0.8824871648602396,1735.0
wavinghand,0.6507177033492823,0.6634146341463415,0.6570048309178744,410.0
accuracy,0.7500736811081639,0.7500736811081639,0.7500736811081639,0.7500736811081639
macro avg,0.6616265167716066,0.6541220637206306,0.6569419208199196,3393.0
weighted avg,0.7503669621489436,0.7500736811081639,0.7496149766733468,3393.0
