,precision,recall,f1-score,support
jumping,0.14015151515151514,0.10616929698708752,0.12081632653061225,697.0
running,0.1306695464362851,0.17385057471264367,0.14919852034525277,696.0
seated-breathing,0.25,0.19803370786516855,0.22100313479623823,712.0
walking,0.529606351306649,0.5671271696776479,0.5477249401300034,2823.0
wavinghand,0.14862681744749595,0.12568306010928962,0.13619541080680977,732.0
accuracy,0.35848056537102474,0.35848056537102474,0.35848056537102474,0.35848056537102474
macro avg,0.23981084606838907,0.23417276187036742,0.2349876665217833,5660.0
weighted avg,0.34814578983931055,0.35848056537102474,0.3518247223365086,5660.0
