,precision,recall,f1-score,support
jumping,0.4525993883792049,0.4277456647398844,0.4398216939078752,346.0
running,0.5683453237410072,0.5576470588235294,0.5629453681710214,425.0
seated-breathing,0.8190045248868778,0.7387755102040816,0.776824034334764,490.0
walking,0.8767274737423991,0.8970588235294118,0.886776628459603,1768.0
wavinghand,0.5555555555555556,0.6064690026954178,0.5798969072164949,371.0
accuracy,0.7523529411764706,0.7523529411764706,0.7523529411764706,0.7523529411764706
macro avg,0.6544464532610089,0.645539211998465,0.6492529264179517,3400.0
weighted avg,0.7516540155445224,0.7523529411764706,0.7514813812008062,3400.0
