,precision,recall,f1-score,support
jumping,0.2506393861892583,0.15007656967840735,0.18773946360153257,653.0
running,0.1708542713567839,0.08353808353808354,0.11221122112211221,814.0
seated-breathing,0.6340694006309149,0.26587301587301587,0.3746505125815471,756.0
walking,0.6185655825974585,0.9560585885486018,0.7511442395710736,3004.0
wavinghand,0.27522935779816515,0.08108108108108109,0.12526096033402923,740.0
accuracy,0.5528741411094352,0.5528741411094352,0.5528741411094352,0.5528741411094352
macro avg,0.3898715997145161,0.30732546774383795,0.3102012794420589,5967.0
weighted avg,0.47661137888995925,0.5528741411094352,0.4770068707148544,5967.0
