,precision,recall,f1-score,support
jumping,0.17918088737201365,0.18518518518518517,0.1821335646140503,567.0
running,0.1546707503828484,0.1600633914421553,0.1573208722741433,631.0
seated-breathing,0.4376470588235294,0.2551440329218107,0.3223570190641248,729.0
walking,0.5167535368577811,0.5658377496942519,0.5401829149640007,2453.0
wavinghand,0.23684210526315788,0.2491349480968858,0.24283305227655985,578.0
accuracy,0.3880597014925373,0.3880597014925373,0.3880597014925373,0.3880597014925373
macro avg,0.3050188677398661,0.2830730614680578,0.28896548463857574,4958.0
weighted avg,0.3878032826276935,0.3880597014925373,0.3838167936791939,4958.0
