{
    "test_cross_device": {
        "loss": 2.8659273138350176,
        "accuracy": 0.3880597014925373,
        "f1_score": 0.3838167936791939
    },
    "test_cross_env": {
        "loss": 2.9623101267292307,
        "accuracy": 0.35848056537102474,
        "f1_score": 0.3518247223365086
    },
    "test_cross_user": {
        "loss": 2.364104133345922,
        "accuracy": 0.5528741411094352,
        "f1_score": 0.4770068707148544
    },
    "test": {
        "loss": 0.8774276795106776,
        "accuracy": 0.7523529411764706,
        "f1_score": 0.7514813812008062
    }
}