,precision,recall,f1-score,support
jumping,0.6222222222222222,0.5850746268656717,0.6030769230769231,335.0
running,0.6753554502369669,0.6347438752783965,0.6544202066590127,449.0
seated-breathing,0.7571701720841301,0.853448275862069,0.8024316109422492,464.0
walking,0.9422382671480144,0.9025936599423631,0.9219899911686782,1735.0
wavinghand,0.6687898089171974,0.7682926829268293,0.7150964812712827,410.0
accuracy,0.8128499852637784,0.8128499852637784,0.8128499852637784,0.8128499852637784
macro avg,0.7331551841217062,0.7488306241750659,0.7394030426236291,3393.0
weighted avg,0.8169741280889286,0.8128499852637784,0.8137447396100065,3393.0
