,precision,recall,f1-score,support
jumping,0.16367713004484305,0.11179173047473201,0.13284804367606914,653.0
running,0.15192743764172337,0.08230958230958231,0.10677290836653386,814.0
seated-breathing,0.4230769230769231,0.2328042328042328,0.3003412969283277,756.0
walking,0.6014330497089118,0.8941411451398136,0.7191432396251674,3004.0
wavinghand,0.30303030303030304,0.08108108108108109,0.1279317697228145,740.0
accuracy,0.5131556896262779,0.5131556896262779,0.5131556896262779,0.5131556896262779
macro avg,0.32862896870054087,0.2804255543618884,0.27740745166378256,5967.0
weighted avg,0.4326032444400527,0.5131556896262779,0.4450639755048656,5967.0
