,precision,recall,f1-score,support
jumping,0.10013531799729364,0.26102292768959434,0.14474327628361858,567.0
running,0.1568627450980392,0.08874801901743265,0.11336032388663968,631.0
seated-breathing,0.3160621761658031,0.1673525377229081,0.21883408071748878,729.0
walking,0.5493900039354584,0.569099062372605,0.5590708850620745,2453.0
wavinghand,0.030612244897959183,0.010380622837370242,0.015503875968992248,578.0
accuracy,0.34852763210972165,0.34852763210972165,0.34852763210972165,0.34852763210972165
macro avg,0.2306124976189107,0.219320633927982,0.21030248838376275,4958.0
weighted avg,0.35327027049029824,0.34852763210972165,0.3415675611608868,4958.0
