,precision,recall,f1-score,support
jumping,0.10864575363427698,0.20373027259684362,0.14171656686626746,697.0
running,0.09467455621301775,0.13793103448275862,0.11228070175438597,696.0
seated-breathing,0.08178438661710037,0.03089887640449438,0.04485219164118247,712.0
walking,0.4850361197110423,0.49946865037194477,0.49214659685863876,2823.0
wavinghand,0.22085889570552147,0.04918032786885246,0.08044692737430167,732.0
accuracy,0.3014134275618375,0.3014134275618375,0.3014134275618375,0.3014134275618375
macro avg,0.19819994237619176,0.18424183234497876,0.17428859689895526,5660.0
weighted avg,0.3057907671871804,0.3014134275618375,0.2927695352906871,5660.0
