{
    "best_epoch": 120,
    "best_val_loss": 0.5859621231620673,
    "best_val_accuracy": 0.8128499852637784,
    "experiment_id": "params_105193c4a3",
    "experiment_completed": true,
    "test_cross_device_accuracy": 0.34852763210972165,
    "test_cross_device_f1_score": 0.3415675611608868,
    "test_cross_env_accuracy": 0.3014134275618375,
    "test_cross_env_f1_score": 0.2927695352906871,
    "test_cross_user_accuracy": 0.5131556896262779,
    "test_cross_user_f1_score": 0.4450639755048656,
    "test_accuracy": 0.8185294117647058,
    "test_f1_score": 0.8181782103745571
}