{
    "test_cross_device": {
        "loss": 4.01766372743743,
        "accuracy": 0.34852763210972165,
        "f1_score": 0.3415675611608868
    },
    "test_cross_env": {
        "loss": 4.02350867007112,
        "accuracy": 0.3014134275618375,
        "f1_score": 0.2927695352906871
    },
    "test_cross_user": {
        "loss": 2.686175894440444,
        "accuracy": 0.5131556896262779,
        "f1_score": 0.4450639755048656
    },
    "test": {
        "loss": 0.6126601314380327,
        "accuracy": 0.8185294117647058,
        "f1_score": 0.8181782103745571
    }
}