,precision,recall,f1-score,support
jumping,0.0,0.0,0.0,567.0
running,0.0,0.0,0.0,631.0
seated-breathing,0.3024390243902439,0.0850480109739369,0.13276231263383298,729.0
walking,0.49765758091993184,0.952710966163881,0.653797733948804,2453.0
wavinghand,0.5263157894736842,0.05190311418685121,0.09448818897637795,578.0
accuracy,0.4899152884227511,0.4899152884227511,0.4899152884227511,0.4899152884227511
macro avg,0.2652824789567719,0.2179324182649338,0.176209647111803,4958.0
weighted avg,0.3520457081671783,0.4899152884227511,0.35400640187874693,4958.0
