,precision,recall,f1-score,support
jumping,0.3333333333333333,0.002890173410404624,0.0057306590257879654,346.0
running,0.4358974358974359,0.04,0.07327586206896551,425.0
seated-breathing,0.5300925925925926,0.4673469387755102,0.4967462039045553,490.0
walking,0.6020942408376964,0.9756787330316742,0.7446578890567667,1768.0
wavinghand,0.3770491803278688,0.06199460916442048,0.10648148148148148,371.0
accuracy,0.586764705882353,0.586764705882353,0.586764705882353,0.586764705882353
macro avg,0.45569335659778537,0.3095820908764019,0.2853784191075114,3400.0
weighted avg,0.5190361699008237,0.586764705882353,0.4801736667051348,3400.0
