,precision,recall,f1-score,support
jumping,0.0,0.0,0.0,697.0
running,0.8461538461538461,0.015804597701149427,0.031029619181946404,696.0
seated-breathing,0.17418772563176896,0.2710674157303371,0.21208791208791208,712.0
walking,0.522931654676259,0.8239461565710238,0.6398019529638289,2823.0
wavinghand,0.13186813186813187,0.01639344262295082,0.02916160388821385,732.0
accuracy,0.4491166077738516,0.4491166077738516,0.4491166077738516,0.4491166077738516
macro avg,0.3350282716660012,0.22544232252509225,0.18241621762438026,5660.0
weighted avg,0.40383538361333005,0.4491166077738516,0.35337639851948577,5660.0
