,precision,recall,f1-score,support
jumping,0.0,0.0,0.0,335.0
running,0.425,0.0378619153674833,0.06952965235173825,449.0
seated-breathing,0.4551569506726457,0.4375,0.4461538461538462,464.0
walking,0.5969675599435825,0.975792507204611,0.7407569459636841,1735.0
wavinghand,0.4,0.06829268292682927,0.11666666666666667,410.0
accuracy,0.5720601237842617,0.5720601237842617,0.5720601237842617,0.5720601237842617
macro avg,0.37542490212324564,0.30388942109978473,0.27462142222718705,3393.0
weighted avg,0.47207678797943514,0.5720601237842617,0.46309485207829065,3393.0
