,precision,recall,f1-score,support
jumping,0.0,0.0,0.0,653.0
running,0.0,0.0,0.0,814.0
seated-breathing,0.7557603686635944,0.43386243386243384,0.5512605042016807,756.0
walking,0.5430909090909091,0.9943408788282291,0.7024929444967074,3004.0
wavinghand,0.13793103448275862,0.005405405405405406,0.010403120936280884,740.0
accuracy,0.5562259091670856,0.5562259091670856,0.5562259091670856,0.5562259091670856
macro avg,0.2873564624474524,0.28672174361921365,0.2528313139269338,5967.0
weighted avg,0.3862692969894435,0.5562259091670856,0.42479303769690424,5967.0
