{
    "test_cross_device": {
        "loss": 1.5626004980955936,
        "accuracy": 0.4899152884227511,
        "f1_score": 0.35400640187874693
    },
    "test_cross_env": {
        "loss": 1.7141257759117827,
        "accuracy": 0.4491166077738516,
        "f1_score": 0.35337639851948577
    },
    "test_cross_user": {
        "loss": 1.4582813331254547,
        "accuracy": 0.5562259091670856,
        "f1_score": 0.42479303769690424
    },
    "test": {
        "loss": 1.1626584944654914,
        "accuracy": 0.586764705882353,
        "f1_score": 0.4801736667051348
    }
}