{
    "best_epoch": 94,
    "best_val_loss": 1.143263006786523,
    "best_val_accuracy": 0.5732390215148836,
    "experiment_id": "params_35e6402297",
    "experiment_completed": true,
    "test_cross_device_accuracy": 0.4899152884227511,
    "test_cross_device_f1_score": 0.35400640187874693,
    "test_cross_env_accuracy": 0.4491166077738516,
    "test_cross_env_f1_score": 0.35337639851948577,
    "test_cross_user_accuracy": 0.5562259091670856,
    "test_cross_user_f1_score": 0.42479303769690424,
    "test_accuracy": 0.586764705882353,
    "test_f1_score": 0.4801736667051348
}