,precision,recall,f1-score,support
jumping,0.07777777777777778,0.012345679012345678,0.0213089802130898,567.0
running,0.00946372239747634,0.004754358161648178,0.006329113924050633,631.0
seated-breathing,0.12886597938144329,0.03429355281207133,0.05417118093174431,729.0
walking,0.46874273762491286,0.8222584590297595,0.5970988750740083,2453.0
wavinghand,0.0,0.0,0.0,578.0
accuracy,0.4138765631302945,0.4138765631302945,0.4138765631302945,0.4138765631302945
macro avg,0.13697004343632205,0.17473040980316493,0.13578163002857863,4958.0
weighted avg,0.2609602346098812,0.4138765631302945,0.30662569465967765,4958.0
