,precision,recall,f1-score,support
jumping,0.0502092050209205,0.018376722817764167,0.026905829596412557,653.0
running,0.06976744186046512,0.0036855036855036856,0.007001166861143524,814.0
seated-breathing,0.5041551246537396,0.24074074074074073,0.3258728737690242,756.0
walking,0.5227459016393443,0.8492010652463382,0.6471334348046677,3004.0
wavinghand,0.12162162162162163,0.07297297297297298,0.09121621621621621,740.0
accuracy,0.4695827048768225,0.4695827048768225,0.4695827048768225,0.4695827048768225
macro avg,0.2536998589592182,0.23699540109266395,0.21962590424949285,5967.0
weighted avg,0.35713880866698455,0.4695827048768225,0.38228878620312257,5967.0
