,precision,recall,f1-score,support
jumping,0.11702127659574468,0.06312769010043041,0.08201304753028892,697.0
running,0.08695652173913043,0.011494252873563218,0.02030456852791878,696.0
seated-breathing,0.010344827586206896,0.004213483146067416,0.005988023952095809,712.0
walking,0.5101698971045705,0.7552249380092101,0.6089688660382748,2823.0
wavinghand,0.11341632088520055,0.11202185792349727,0.11271477663230241,732.0
accuracy,0.4008833922261484,0.4008833922261484,0.4008833922261484,0.4008833922261484
macro avg,0.16758176878217063,0.18921644441055369,0.16599785653617616,5660.0
weighted avg,0.2955267584051621,0.4008833922261484,0.3316581046287686,5660.0
