,precision,recall,f1-score,support
jumping,0.6283185840707964,0.21194029850746268,0.3169642857142857,335.0
running,0.7669902912621359,0.3518930957683742,0.48244274809160304,449.0
seated-breathing,0.618595825426945,0.7025862068965517,0.6579212916246215,464.0
walking,0.7649219467401286,0.9602305475504322,0.851520572450805,1735.0
wavinghand,0.6043360433604336,0.5439024390243903,0.5725288831835686,410.0
accuracy,0.7203065134099617,0.7203065134099617,0.7203065134099617,0.7203065134099617
macro avg,0.6766325381720879,0.5541105175494423,0.5762755562129768,3393.0
weighted avg,0.7122933052786381,0.7203065134099617,0.6897142187529178,3393.0
