{
    "test_cross_device": {
        "loss": 1.7644392336001555,
        "accuracy": 0.4138765631302945,
        "f1_score": 0.30662569465967765
    },
    "test_cross_env": {
        "loss": 2.1216717837450783,
        "accuracy": 0.4008833922261484,
        "f1_score": 0.3316581046287686
    },
    "test_cross_user": {
        "loss": 1.841068373270706,
        "accuracy": 0.4695827048768225,
        "f1_score": 0.38228878620312257
    },
    "test": {
        "loss": 0.7807724233848207,
        "accuracy": 0.7214705882352941,
        "f1_score": 0.6874802158134309
    }
}