,precision,recall,f1-score,support
jumping,0.13462493790362642,0.47795414462081126,0.21007751937984495,567.0
running,0.1977401129943503,0.2218700475435816,0.20911127707244212,631.0
seated-breathing,0.2929824561403509,0.22908093278463648,0.2571208622016936,729.0
walking,0.665438919582566,0.4419078679168365,0.5311121999020089,2453.0
wavinghand,0.18421052631578946,0.012110726643598616,0.022727272727272728,578.0
accuracy,0.33662767244856795,0.33662767244856795,0.33662767244856795,0.33662767244856795
macro avg,0.2949993905873366,0.2765847439018929,0.24602982625665243,4958.0
weighted avg,0.43434568688254693,0.33662767244856795,0.3538642331307199,4958.0
