,precision,recall,f1-score,support
jumping,0.6883116883116883,0.6328358208955224,0.6594090202177294,335.0
running,0.6911111111111111,0.6926503340757239,0.6918798665183538,449.0
seated-breathing,0.8690228690228691,0.9008620689655172,0.8846560846560847,464.0
walking,0.9325714285714286,0.9406340057636887,0.9365853658536586,1735.0
wavinghand,0.844059405940594,0.8317073170731707,0.8378378378378378,410.0
accuracy,0.8588269967580312,0.8588269967580312,0.8588269967580312,0.8588269967580312
macro avg,0.8050153005915381,0.7997379093547246,0.8020736350167328,3393.0
weighted avg,0.8571163279419358,0.8588269967580312,0.8578030145563555,3393.0
