,precision,recall,f1-score,support
jumping,0.7054794520547946,0.5953757225433526,0.64576802507837,346.0
running,0.667458432304038,0.6611764705882353,0.6643026004728132,425.0
seated-breathing,0.8524904214559387,0.9081632653061225,0.8794466403162056,490.0
walking,0.9180327868852459,0.9502262443438914,0.933852140077821,1768.0
wavinghand,0.8597014925373134,0.7762803234501348,0.8158640226628895,371.0
accuracy,0.8529411764705882,0.8529411764705882,0.8529411764705882,0.8529411764705882
macro avg,0.8006325170474661,0.7782444052463473,0.78784668572162,3400.0
weighted avg,0.8492697798817772,0.8529411764705882,0.850126274028977,3400.0
