,precision,recall,f1-score,support
jumping,0.1320754716981132,0.11047345767575323,0.1203125,697.0
running,0.13673232908458866,0.16954022988505746,0.15137908915971776,696.0
seated-breathing,0.19014084507042253,0.1896067415730337,0.189873417721519,712.0
walking,0.5384837128855579,0.6617074034714843,0.5937698664971393,2823.0
wavinghand,0.3142857142857143,0.015027322404371584,0.028683181225554105,732.0
accuracy,0.3902826855123675,0.3902826855123675,0.3902826855123675,0.3902826855123675
macro avg,0.2623436146048793,0.22927103100194005,0.21680361092078604,5660.0
weighted avg,0.36621894891160284,0.3902826855123675,0.35717596356032066,5660.0
