,precision,recall,f1-score,support
jumping,0.11475409836065574,0.07503828483920368,0.09074074074074075,653.0
running,0.16559139784946236,0.0945945945945946,0.12040656763096169,814.0
seated-breathing,0.562962962962963,0.10052910052910052,0.17059483726150393,756.0
walking,0.5688225538971807,0.9134487350199734,0.7010730710270823,3004.0
wavinghand,0.28448275862068967,0.0445945945945946,0.07710280373831775,740.0
accuracy,0.49924585218702866,0.49924585218702866,0.49924585218702866,0.49924585218702866
macro avg,0.3393227543381903,0.2456410619154934,0.23198360407972127,5967.0
weighted avg,0.42811899067628817,0.49924585218702866,0.41047660915983136,5967.0
