{
    "best_epoch": 72,
    "best_val_loss": 0.41924762758946515,
    "best_val_accuracy": 0.8588269967580312,
    "experiment_id": "params_35e6402297",
    "experiment_completed": true,
    "test_cross_device_accuracy": 0.33662767244856795,
    "test_cross_device_f1_score": 0.3538642331307199,
    "test_cross_env_accuracy": 0.3902826855123675,
    "test_cross_env_f1_score": 0.35717596356032066,
    "test_cross_user_accuracy": 0.49924585218702866,
    "test_cross_user_f1_score": 0.41047660915983136,
    "test_accuracy": 0.8529411764705882,
    "test_f1_score": 0.850126274028977
}