{
    "test_cross_device": {
        "loss": 2.9919410089948286,
        "accuracy": 0.33662767244856795,
        "f1_score": 0.3538642331307199
    },
    "test_cross_env": {
        "loss": 3.4111644060467783,
        "accuracy": 0.3902826855123675,
        "f1_score": 0.35717596356032066
    },
    "test_cross_user": {
        "loss": 2.8317598941477926,
        "accuracy": 0.49924585218702866,
        "f1_score": 0.41047660915983136
    },
    "test": {
        "loss": 0.41299663122085967,
        "accuracy": 0.8529411764705882,
        "f1_score": 0.850126274028977
    }
}