,precision,recall,f1-score,support
jumping,0.21030042918454936,0.07503828483920368,0.11060948081264109,653.0
running,0.14897260273972604,0.10687960687960688,0.12446351931330472,814.0
seated-breathing,0.46875,0.23809523809523808,0.3157894736842105,756.0
walking,0.5811361200428724,0.9024633821571239,0.7070022167166514,3004.0
wavinghand,0.2079207920792079,0.02837837837837838,0.04994054696789536,740.0
accuracy,0.5108094519859225,0.5108094519859225,0.5108094519859225,0.5108094519859225
macro avg,0.32341598880927114,0.2701709780699102,0.2615610474989406,5967.0
weighted avg,0.42107577838697,0.5108094519859225,0.4312164909619593,5967.0
