,precision,recall,f1-score,support
jumping,0.797153024911032,0.6473988439306358,0.7145135566188198,346.0
running,0.7256637168141593,0.7717647058823529,0.7480045610034207,425.0
seated-breathing,0.8674242424242424,0.9346938775510204,0.899803536345776,490.0
walking,0.9438717067583047,0.9321266968325792,0.9379624359704041,1768.0
wavinghand,0.8371501272264631,0.8867924528301887,0.8612565445026178,371.0
accuracy,0.8785294117647059,0.8785294117647059,0.8785294117647059,0.8785294117647059
macro avg,0.8342525636268403,0.8345553154053554,0.8323081268882078,3400.0
weighted avg,0.8790022881772983,0.8785294117647059,0.8776091548918064,3400.0
