,precision,recall,f1-score,support
jumping,0.06191369606003752,0.047345767575322814,0.05365853658536585,697.0
running,0.13893653516295026,0.11637931034482758,0.1266614542611415,696.0
seated-breathing,0.14191729323308272,0.21207865168539325,0.17004504504504506,712.0
walking,0.48573163327261687,0.5667729365922777,0.5231322543730587,2823.0
wavinghand,0.06451612903225806,0.01639344262295082,0.026143790849673203,732.0
accuracy,0.3316254416961131,0.3316254416961131,0.3316254416961131,0.3316254416961131
macro avg,0.17860305735218907,0.19179402176415444,0.17992821622285687,5660.0
weighted avg,0.2931704937437146,0.331625441696113,0.30787421435246154,5660.0
