,precision,recall,f1-score,support
jumping,0.10488505747126436,0.12874779541446207,0.11559778305621536,567.0
running,0.10756972111553785,0.12836767036450078,0.11705202312138728,631.0
seated-breathing,0.06666666666666667,0.038408779149519894,0.04873803307223673,729.0
walking,0.5006738544474394,0.6057888300040767,0.5482383324109943,2453.0
wavinghand,0.008264462809917356,0.0017301038062283738,0.002861230329041488,578.0
accuracy,0.33662767244856795,0.33662767244856795,0.33662767244856795,0.33662767244856795
macro avg,0.15761195250216514,0.18060863574775757,0.16649748039797502,4958.0
weighted avg,0.2841621916244075,0.33662767244856795,0.30686087459186867,4958.0
