,precision,recall,f1-score,support
jumping,0.7630662020905923,0.6537313432835821,0.7041800643086816,335.0
running,0.7885057471264367,0.7639198218262806,0.7760180995475113,449.0
seated-breathing,0.8330097087378641,0.9245689655172413,0.8764044943820225,464.0
walking,0.9454439930354034,0.9389048991354467,0.9421631000578369,1735.0
wavinghand,0.8013856812933026,0.8463414634146341,0.8232502965599051,410.0
accuracy,0.874447391688771,0.874447391688771,0.874447391688771,0.874447391688771
macro avg,0.8262822664567198,0.8254932986354371,0.8244032109711915,3393.0
weighted avg,0.8738863012853423,0.874447391688771,0.8733185186629554,3393.0
