{
    "best_val_accuracy": 0.8128499852637784,
    "best_val_loss": 0.5859621231620673,
    "best_experiment_id": "params_105193c4a3",
    "best_experiment_params": {
        "model": "patchtst",
        "task": "HumanActivityRecognition",
        "num_classes": 6,
        "batch_size": 32,
        "learning_rate": 0.0001,
        "weight_decay": 1e-05,
        "epochs": 300,
        "warmup_epochs": 5,
        "patience": 15,
        "win_len": 500,
        "feature_size": 232,
        "test_splits": [
            "test_cross_device",
            "test_cross_env",
            "test_cross_user",
            "test_id"
        ]
    },
    "best_test_accuracies": {
        "test_cross_device": 0.34852763210972165,
        "test_cross_env": 0.3014134275618375,
        "test_cross_user": 0.5131556896262779,
        "test": 0.8185294117647058
    },
    "best_test_f1_scores": {
        "test_cross_device": 0.3415675611608868,
        "test_cross_env": 0.2927695352906871,
        "test_cross_user": 0.4450639755048656,
        "test": 0.8181782103745571
    },
    "timestamp": "2025-06-02 01:27:46"
}