,precision,recall,f1-score,support
jumping,0.10590277777777778,0.1750358680057389,0.13196322336398053,697.0
running,0.08418367346938775,0.04741379310344827,0.06066176470588235,696.0
seated-breathing,0.12371134020618557,0.05056179775280899,0.07178464606181456,712.0
walking,0.5034945485043333,0.6379737867516826,0.5628125,2823.0
wavinghand,0.17338709677419356,0.05874316939890711,0.08775510204081632,732.0
accuracy,0.35954063604240283,0.35954063604240283,0.35954063604240283,0.35954063604240283
macro avg,0.19813588734637558,0.1939456830025172,0.18299544723449873,5660.0
weighted avg,0.31250406578428475,0.35954063604240283,0.32479965461305266,5660.0
