,precision,recall,f1-score,support
jumping,0.07108433734939759,0.10405643738977072,0.08446671438797423,567.0
running,0.0,0.0,0.0,631.0
seated-breathing,0.23096129837702872,0.25377229080932784,0.24183006535947713,729.0
walking,0.5089664166938376,0.6363636363636364,0.5655797101449276,2453.0
wavinghand,0.05309734513274336,0.020761245674740483,0.029850746268656716,578.0
accuracy,0.3664784187172247,0.3664784187172247,0.3664784187172247,0.3664784187172247
macro avg,0.17282187951060143,0.20299072204749508,0.18434544723220714,4958.0
weighted avg,0.30009287846524235,0.3664784187172247,0.32852107806249115,4958.0
