,precision,recall,f1-score,support
jumping,0.7227979274611399,0.8328358208955224,0.7739251040221914,335.0
running,0.9037433155080213,0.7527839643652561,0.8213851761846902,449.0
seated-breathing,0.9056603773584906,0.9310344827586207,0.9181721572794899,464.0
walking,0.9717717717717718,0.9325648414985591,0.951764705882353,1735.0
wavinghand,0.7780040733197556,0.9317073170731708,0.8479467258601554,410.0
accuracy,0.8986147951665193,0.8986147951665193,0.8986147951665193,0.8986147951665193
macro avg,0.8563954930838358,0.8761852853182258,0.8626387738457758,3393.0
weighted avg,0.905732438414986,0.8986147951665193,0.8998139278634215,3393.0
