,precision,recall,f1-score,support
jumping,0.7378378378378379,0.7890173410404624,0.7625698324022346,346.0
running,0.8767123287671232,0.7529411764705882,0.810126582278481,425.0
seated-breathing,0.8563218390804598,0.9122448979591836,0.883399209486166,490.0
walking,0.9696438995913602,0.9394796380090498,0.9543234702671646,1768.0
wavinghand,0.772093023255814,0.894878706199461,0.8289637952559301,371.0
accuracy,0.8920588235294118,0.8920588235294118,0.8920588235294118,0.8920588235294118
macro avg,0.842521785706519,0.857712351935749,0.8478765779379953,3400.0
weighted avg,0.8965497820214048,0.8920588235294118,0.8928847163529547,3400.0
