,precision,recall,f1-score,support
jumping,0.1991869918699187,0.15007656967840735,0.17117903930131004,653.0
running,0.10508474576271186,0.038083538083538086,0.05590622182146077,814.0
seated-breathing,0.527027027027027,0.20634920634920634,0.2965779467680608,756.0
walking,0.6159737417943107,0.9370838881491345,0.743332453129126,3004.0
wavinghand,0.2611464968152866,0.11081081081081082,0.1555977229601518,740.0
accuracy,0.5332662979721803,0.5332662979721803,0.5332662979721803,0.5332662979721803
macro avg,0.34168380065385096,0.2884808026142194,0.28451867679602183,5967.0
weighted avg,0.445395349282346,0.5332662979721803,0.45745156848893664,5967.0
