{
  "test_cross_device": {
    "loss": 5.339238775691065,
    "accuracy": 0.3664784187172247,
    "f1_score": 0.17159779084056176
  },
  "test_cross_env": {
    "loss": 5.139640993997455,
    "accuracy": 0.35954063604240283,
    "f1_score": 0.09386857234395073
  },
  "test_cross_user": {
    "loss": 3.870418722156752,
    "accuracy": 0.5332662979721803,
    "f1_score": 0.39771115347942293
  },
  "test": {
    "loss": 0.45664631891122553,
    "accuracy": 0.8920588235294118,
    "f1_score": 0.8734708461915792
  }
}