,precision,recall,f1-score,support
jumping,0.12363996043521266,0.1793400286944046,0.14637002341920374,697.0
running,0.20125786163522014,0.04597701149425287,0.07485380116959064,696.0
seated-breathing,0.14963503649635038,0.05758426966292135,0.08316430020283976,712.0
walking,0.53737616331432,0.6340772228126107,0.5817354566135846,2823.0
wavinghand,0.16610169491525423,0.20081967213114754,0.18181818181818182,732.0
accuracy,0.37720848056537104,0.37720848056537104,0.37720848056537104,0.37720848056537104
macro avg,0.23560214335927152,0.22355964095906738,0.2135883526446801,5660.0
weighted avg,0.34830247700020306,0.37720848056537104,0.3513535754050708,5660.0
