,precision,recall,f1-score,support
jumping,0.1216361679224973,0.19929453262786595,0.15106951871657753,567.0
running,0.045662100456621,0.01584786053882726,0.023529411764705882,631.0
seated-breathing,0.2379182156133829,0.0877914951989026,0.1282565130260521,729.0
walking,0.49926879204445745,0.6958825927435793,0.5814032697547684,2453.0
wavinghand,0.3524590163934426,0.07439446366782007,0.12285714285714286,578.0
accuracy,0.390681726502622,0.390681726502622,0.390681726502622,0.390681726502622
macro avg,0.2513888584860803,0.21464218895539902,0.20142317122384937,4958.0
weighted avg,0.34280970757216706,0.390681726502622,0.3411045024630287,4958.0
