,precision,recall,f1-score,support
jumping,0.11040339702760085,0.07963246554364471,0.09252669039145907,653.0
running,0.04216867469879518,0.0085995085995086,0.014285714285714285,814.0
seated-breathing,0.40076335877862596,0.1388888888888889,0.206286836935167,756.0
walking,0.5597225233037069,0.859520639147803,0.6779572009977681,3004.0
wavinghand,0.16923076923076924,0.10405405405405406,0.12887029288702928,740.0
accuracy,0.47310206133735544,0.47310206133735544,0.47310206133735544,0.47310206133735544
macro avg,0.2564577446078996,0.23813911124677983,0.22398534709942758,5967.0
weighted avg,0.3713814392384093,0.47310206133735544,0.39550004985937276,5967.0
