,precision,recall,f1-score,support
jumping,0.6893203883495146,0.6358208955223881,0.6614906832298136,335.0
running,0.8157894736842105,0.621380846325167,0.7054361567635904,449.0
seated-breathing,0.7928286852589641,0.8577586206896551,0.8240165631469979,464.0
walking,0.907469342251951,0.938328530259366,0.9226409747803911,1735.0
wavinghand,0.6860986547085202,0.7463414634146341,0.7149532710280374,410.0
accuracy,0.8323017978190392,0.8323017978190392,0.8323017978190392,0.8323017978190392
macro avg,0.7783013088506321,0.7599260712422421,0.765707529789766,3393.0
weighted avg,0.8313716684288491,0.8323017978190392,0.8295304541510524,3393.0
