{
    "test_cross_device": {
        "loss": 3.1118449896616096,
        "accuracy": 0.390681726502622,
        "f1_score": 0.3411045024630287
    },
    "test_cross_env": {
        "loss": 4.104916118536237,
        "accuracy": 0.37720848056537104,
        "f1_score": 0.3513535754050708
    },
    "test_cross_user": {
        "loss": 3.522910439413514,
        "accuracy": 0.47310206133735544,
        "f1_score": 0.39550004985937276
    },
    "test": {
        "loss": 0.552424644589568,
        "accuracy": 0.8288235294117647,
        "f1_score": 0.8244119163702809
    }
}