,precision,recall,f1-score,support
jumping,0.11063372717508056,0.14777618364418937,0.12653562653562653,697.0
running,0.10076857386848848,0.16954022988505746,0.12640599892876273,696.0
seated-breathing,0.2128146453089245,0.1306179775280899,0.1618798955613577,712.0
walking,0.5161817587446879,0.5593340417995041,0.536892213532812,2823.0
wavinghand,0.5806451612903226,0.04918032786885246,0.0906801007556675,732.0
accuracy,0.3408127208480565,0.3408127208480565,0.3408127208480565,0.3408127208480565
macro avg,0.30420877327750084,0.21128975214513868,0.20847876706284532,5660.0
weighted avg,0.3853328667339617,0.3408127208480565,0.3309994602730944,5660.0
