,precision,recall,f1-score,support
jumping,0.7543352601156069,0.7791044776119403,0.7665198237885462,335.0
running,0.8146341463414634,0.7438752783964365,0.7776484284051223,449.0
seated-breathing,0.9026915113871635,0.9396551724137931,0.9208025343189018,464.0
walking,0.9504036908881199,0.9498559077809798,0.9501297203805131,1735.0
wavinghand,0.8452380952380952,0.8658536585365854,0.8554216867469879,410.0
accuracy,0.8941939286766873,0.8941939286766873,0.8941939286766873,0.8941939286766873
macro avg,0.8534605407940898,0.8556688989479471,0.8541044387280141,3393.0
weighted avg,0.8938461325871491,0.8941939286766873,0.8937219621790417,3393.0
