,precision,recall,f1-score,support
jumping,0.11387506909894969,0.36331569664902996,0.1734006734006734,567.0
running,0.040268456375838924,0.009508716323296355,0.015384615384615385,631.0
seated-breathing,0.15469613259668508,0.038408779149519894,0.06153846153846154,729.0
walking,0.5456958665149791,0.5866286180187525,0.5654223968565816,2453.0
wavinghand,0.17032967032967034,0.05363321799307959,0.08157894736842106,578.0
accuracy,0.34489713594191207,0.34489713594191207,0.34489713594191207,0.34489713594191207
macro avg,0.20497303898322464,0.21029900562673567,0.17946501890975058,4958.0
weighted avg,0.33073669843223796,0.34489713594191207,0.3200930180830082,4958.0
