,precision,recall,f1-score,support
jumping,0.7346938775510204,0.7283236994219653,0.7314949201741655,346.0
running,0.8102564102564103,0.7435294117647059,0.7754601226993865,425.0
seated-breathing,0.8656429942418427,0.9204081632653062,0.8921859545004945,490.0
walking,0.9448508722566122,0.9496606334841629,0.9472496473906911,1768.0
wavinghand,0.8265582655826558,0.8221024258760108,0.8243243243243243,371.0
accuracy,0.883235294117647,0.883235294117647,0.883235294117647,0.883235294117647
macro avg,0.8364004839777083,0.8328048667624304,0.8341429938178123,3400.0
weighted avg,0.8823169358385253,0.883235294117647,0.8824707685717086,3400.0
