,precision,recall,f1-score,support
jumping,0.1663778162911612,0.14701378254211334,0.15609756097560976,653.0
running,0.08557457212713937,0.042997542997543,0.05723630417007359,814.0
seated-breathing,0.668141592920354,0.19973544973544974,0.3075356415478615,756.0
walking,0.5938037865748709,0.918774966711052,0.7213800313643491,3004.0
wavinghand,0.32710280373831774,0.0472972972972973,0.08264462809917356,740.0
accuracy,0.5156695156695157,0.5156695156695157,0.5156695156695157,0.5156695156695157
macro avg,0.36820011433036864,0.2711638078566911,0.26497883323141347,5967.0
weighted avg,0.4540405747669976,0.5156695156695157,0.4372719361376889,5967.0
