{
  "task": "HumanActivityRecognition",
  "model": "timesformer1d",
  "experiment_id": "params_1748763985_af4718e1",
  "test_splits": [
    "test_cross_device",
    "test_cross_env",
    "test_cross_user",
    "test"
  ],
  "best_validation": {
    "accuracy": 0.8941939286766873,
    "loss": 0.44128845985606957,
    "f1_score": 0.8698560363238864,
    "epoch": 14
  },
  "test_results": {
    "test_cross_device": {
      "loss": 4.361378257903151,
      "accuracy": 0.34489713594191207,
      "f1_score": 0.12700484139566826
    },
    "test_cross_env": {
      "loss": 5.457569465308736,
      "accuracy": 0.3408127208480565,
      "f1_score": 0.11663737968591692
    },
    "test_cross_user": {
      "loss": 3.7916413625898713,
      "accuracy": 0.5156695156695157,
      "f1_score": 0.1599508767028523
    },
    "test": {
      "loss": 0.5051513312678758,
      "accuracy": 0.883235294117647,
      "f1_score": 0.8490068844743209
    }
  }
}