{
  "test_cross_device": {
    "loss": 4.361378257903151,
    "accuracy": 0.34489713594191207,
    "f1_score": 0.12700484139566826
  },
  "test_cross_env": {
    "loss": 5.457569465308736,
    "accuracy": 0.3408127208480565,
    "f1_score": 0.11663737968591692
  },
  "test_cross_user": {
    "loss": 3.7916413625898713,
    "accuracy": 0.5156695156695157,
    "f1_score": 0.1599508767028523
  },
  "test": {
    "loss": 0.5051513312678758,
    "accuracy": 0.883235294117647,
    "f1_score": 0.8490068844743209
  }
}