{
  "best_experiment_id": "params_1748836083_743dcae1",
  "best_val_accuracy": 0.8959622752726201,
  "best_val_loss": 0.5009142577958604,
  "best_val_f1": 0.8807063146261322,
  "best_epoch": 38,
  "timestamp": "2025-06-02 14:33:30",
  "best_test_accuracies": {
    "test_cross_device": 0.3150463896732553,
    "test_cross_env": 0.36590106007067136,
    "test_cross_user": 0.506116976705212,
    "test": 0.8811764705882353
  },
  "best_test_f1_scores": {
    "test_cross_device": 0.20152863396100415,
    "test_cross_env": 0.1420261060778302,
    "test_cross_user": 0.3452300392349125,
    "test": 0.8568664786086785
  }
}