{
  "best_experiment_id": "params_1748836083_743dcae1",
  "best_val_accuracy": 0.8930150309460654,
  "best_val_loss": 0.5051208216248563,
  "best_val_f1": 0.8780810760725741,
  "best_epoch": 40,
  "timestamp": "2025-06-02 14:33:46",
  "best_test_accuracies": {
    "test_cross_device": 0.29951593384429204,
    "test_cross_env": 0.3549469964664311,
    "test_cross_user": 0.4928774928774929,
    "test": 0.8797058823529412
  },
  "best_test_f1_scores": {
    "test_cross_device": 0.2094378732795035,
    "test_cross_env": 0.14254989729744874,
    "test_cross_user": 0.3460332851612792,
    "test": 0.8629473395970273
  }
}