,precision,recall,f1-score,support
jumping,0.7359550561797753,0.7820895522388059,0.7583212735166426,335.0
running,0.8298969072164949,0.7171492204899778,0.7694145758661888,449.0
seated-breathing,0.8924050632911392,0.9116379310344828,0.9019189765458422,464.0
walking,0.9443807339449541,0.9492795389048991,0.9468237999425122,1735.0
wavinghand,0.8422273781902552,0.8853658536585366,0.8632580261593341,410.0
accuracy,0.8891836133215444,0.8891836133215444,0.8891836133215444,0.8891836133215444
macro avg,0.8489730277645238,0.8491044192653405,0.847947330406104,3393.0
weighted avg,0.889200826106696,0.8891836133215444,0.8884969820026084,3393.0
