,precision,recall,f1-score,support
jumping,0.09955752212389381,0.07936507936507936,0.08832188420019627,567.0
running,0.051233396584440226,0.042789223454833596,0.046632124352331605,631.0
seated-breathing,0.27586206896551724,0.18655692729766804,0.2225859247135843,729.0
walking,0.5202501488981537,0.7121891561353445,0.6012734469110308,2453.0
wavinghand,0.2578125,0.05709342560553633,0.09348441926345609,578.0
accuracy,0.40096813231141587,0.40096813231141587,0.40096813231141587,0.40096813231141587
macro avg,0.240943127314401,0.2155987623716924,0.21045955988811982,4958.0
weighted avg,0.3459197411883951,0.40096813231141587,0.3571452758231286,4958.0
