,precision,recall,f1-score,support
jumping,0.24,0.13782542113323124,0.17509727626459143,653.0
running,0.1830065359477124,0.0687960687960688,0.1,814.0
seated-breathing,0.6275510204081632,0.1626984126984127,0.25840336134453784,756.0
walking,0.5923139487596584,0.9697070572569907,0.7354203483968694,3004.0
wavinghand,0.29651162790697677,0.06891891891891892,0.1118421052631579,740.0
accuracy,0.5418133065191889,0.5418133065191889,0.5418133065191889,0.5418133065191889
macro avg,0.3878766266045021,0.28158917576072445,0.2761526182538313,5967.0
weighted avg,0.46570229569552296,0.5418133065191889,0.449649295635358,5967.0
