,precision,recall,f1-score,support
jumping,0.7493036211699164,0.7774566473988439,0.7631205673758865,346.0
running,0.839572192513369,0.7388235294117647,0.785982478097622,425.0
seated-breathing,0.898406374501992,0.9204081632653062,0.9092741935483871,490.0
walking,0.9437012263099219,0.957579185520362,0.9505895564289725,1768.0
wavinghand,0.8544474393530997,0.8544474393530997,0.8544474393530997,371.0
accuracy,0.8952941176470588,0.8952941176470588,0.8952941176470588,0.8952941176470588
macro avg,0.8570861707696599,0.8497429929898754,0.8526828469607937,3400.0
weighted avg,0.8946353312837916,0.8952941176470588,0.8944908706201997,3400.0
