,precision,recall,f1-score,support
jumping,0.12625250501002003,0.09038737446197992,0.10535117056856187,697.0
running,0.12383375742154368,0.20977011494252873,0.15573333333333333,696.0
seated-breathing,0.12776412776412777,0.07303370786516854,0.09294012511170688,712.0
walking,0.49760090318938754,0.624512929507616,0.5538799874332391,2823.0
wavinghand,0.25,0.01092896174863388,0.020942408376963352,732.0
accuracy,0.35901060070671376,0.35901060070671376,0.35901060070671376,0.35901060070671376
macro avg,0.22509025867701582,0.20172661770518543,0.1857694049647609,5660.0
weighted avg,0.32736425792033186,0.3590106007067138,0.322778548131059,5660.0
