,precision,recall,f1-score,support
jumping,0.707774798927614,0.7880597014925373,0.7457627118644068,335.0
running,0.8455497382198953,0.7193763919821826,0.7773766546329723,449.0
seated-breathing,0.8966244725738397,0.915948275862069,0.906183368869936,464.0
walking,0.9489262913522926,0.9423631123919308,0.9456333140543667,1735.0
wavinghand,0.8299319727891157,0.8926829268292683,0.8601645123384254,410.0
accuracy,0.8880047155909225,0.8880047155909225,0.8880047155909225,0.8880047155909225
macro avg,0.8457614547725516,0.8516860817115977,0.8470241123520215,3393.0
weighted avg,0.8899055024213116,0.8880047155909225,0.8879112760104662,3393.0
