,precision,recall,f1-score,support
jumping,0.07857142857142857,0.0582010582010582,0.0668693009118541,567.0
running,0.054514480408858604,0.05071315372424723,0.052545155993431854,631.0
seated-breathing,0.27155172413793105,0.1728395061728395,0.2112321877619447,729.0
walking,0.5223429951690821,0.7052588666938443,0.6001734605377277,2453.0
wavinghand,0.24571428571428572,0.07439446366782007,0.11420982735723771,578.0
accuracy,0.3961274707543364,0.3961274707543364,0.3961274707543364,0.3961274707543364
macro avg,0.2345389828003172,0.21228140969196185,0.20900598651243918,4958.0
weighted avg,0.34292861402322655,0.3961274707543364,0.35564702114539404,4958.0
