,precision,recall,f1-score,support
jumping,0.25485436893203883,0.16079632465543645,0.19718309859154928,653.0
running,0.17207792207792208,0.06511056511056511,0.0944741532976827,814.0
seated-breathing,0.6127450980392157,0.16534391534391535,0.2604166666666667,756.0
walking,0.6010737146396862,0.9690412782956058,0.7419395947495858,3004.0
wavinghand,0.265,0.07162162162162163,0.1127659574468085,740.0
accuracy,0.5441595441595442,0.5441595441595442,0.5441595441595442,0.5441595441595442
macro avg,0.38115022073777255,0.2863827410054289,0.2813558941504586,5967.0
weighted avg,0.46446322513479377,0.5441595441595442,0.45496411518401025,5967.0
