,precision,recall,f1-score,support
jumping,0.1172291296625222,0.09469153515064563,0.10476190476190476,697.0
running,0.12359550561797752,0.20545977011494254,0.15434430652995143,696.0
seated-breathing,0.13225058004640372,0.0800561797752809,0.09973753280839895,712.0
walking,0.49568717653824035,0.6106978391781792,0.5472147278209808,2823.0
wavinghand,0.25806451612903225,0.01092896174863388,0.020969855832241154,732.0
accuracy,0.35300353356890457,0.35300353356890457,0.35300353356890457,0.35300353356890457
macro avg,0.22536538159883523,0.20036685719353642,0.18540566555069543,5660.0
weighted avg,0.3268766278183452,0.35300353356890457,0.32006942039422315,5660.0
