,precision,recall,f1-score,support
jumping,0.7374301675977654,0.7630057803468208,0.75,346.0
running,0.8373983739837398,0.7270588235294118,0.7783375314861462,425.0
seated-breathing,0.8948412698412699,0.9204081632653062,0.9074446680080482,490.0
walking,0.9460370994940978,0.9519230769230769,0.9489709613758105,1768.0
wavinghand,0.8205128205128205,0.862533692722372,0.8409986859395532,371.0
accuracy,0.8902941176470588,0.8902941176470588,0.8902941176470588,0.8902941176470588
macro avg,0.8472439462859386,0.8449859073573975,0.8451503693619117,3400.0
weighted avg,0.8901532992558705,0.8902941176470588,0.889627208941636,3400.0
