{
  "task": "HumanIdentification",
  "model": "transformer",
  "experiment_id": "params_1748764112_b92d1e3a",
  "test_splits": [
    "test_cross_device",
    "test_cross_env",
    "test_cross_user",
    "test"
  ],
  "best_validation": {
    "accuracy": 0.8880047155909225,
    "loss": 0.4848972188763717,
    "f1_score": 0.850393011804275,
    "epoch": 25
  },
  "test_results": {
    "test_cross_device": {
      "loss": 4.916931713143874,
      "accuracy": 0.3961274707543364,
      "f1_score": 0.1687290094097925
    },
    "test_cross_env": {
      "loss": 5.500631586913238,
      "accuracy": 0.35300353356890457,
      "f1_score": 0.07175925925925926
    },
    "test_cross_user": {
      "loss": 4.060115674287288,
      "accuracy": 0.5441595441595442,
      "f1_score": 0.16072095623791102
    },
    "test": {
      "loss": 0.5031479592270679,
      "accuracy": 0.8902941176470588,
      "f1_score": 0.8566672320987111
    }
  }
}