,precision,recall,f1-score,support
jumping,0.16169154228855723,0.0995405819295559,0.12322274881516587,653.0
running,0.12347560975609756,0.09950859950859951,0.11020408163265306,814.0
seated-breathing,0.36879432624113473,0.20634920634920634,0.26463104325699743,756.0
walking,0.6201676758267349,0.8864846870838882,0.7297889832830913,3004.0
wavinghand,0.109375,0.02837837837837838,0.045064377682403435,740.0
accuracy,0.5004189710072063,0.5004189710072063,0.5004189710072063,0.5004189710072063
macro avg,0.27670083082250485,0.2640522906499257,0.25458224693406223,5967.0
weighted avg,0.40704263989906164,0.5004189710072063,0.43503693504188995,5967.0
