,precision,recall,f1-score,support
jumping,0.7861842105263158,0.6907514450867052,0.7353846153846154,346.0
running,0.7780373831775701,0.7835294117647059,0.7807737397420867,425.0
seated-breathing,0.8400735294117647,0.9326530612244898,0.8839458413926499,490.0
walking,0.965962441314554,0.9309954751131222,0.9481566820276498,1768.0
wavinghand,0.7928571428571428,0.8975741239892183,0.8419721871049305,371.0
accuracy,0.8847058823529412,0.8847058823529412,0.8847058823529412,0.8847058823529412
macro avg,0.8326229414574694,0.8471007034356483,0.8380466131303865,3400.0
weighted avg,0.8871450736319026,0.8847058823529412,0.8847406099519637,3400.0
