,precision,recall,f1-score,support
jumping,0.1362048894062864,0.1678622668579627,0.15038560411311053,697.0
running,0.2179930795847751,0.27155172413793105,0.2418426103646833,696.0
seated-breathing,0.13286713286713286,0.13342696629213482,0.13314646110721795,712.0
walking,0.5495839112343966,0.5614594403117251,0.5554582092167514,2823.0
wavinghand,0.21492537313432836,0.09836065573770492,0.13495782567947517,732.0
accuracy,0.3636042402826855,0.3636042402826855,0.3636042402826855,0.3636042402826855
macro avg,0.25031487724538387,0.24653221066749173,0.24315814209624764,5660.0
weighted avg,0.3622014389501084,0.3636042402826855,0.35950338448856217,5660.0
