,precision,recall,f1-score,support
jumping,0.06809078771695594,0.08994708994708994,0.07750759878419453,567.0
running,0.09406952965235174,0.14580031695721077,0.11435674331883157,631.0
seated-breathing,0.22580645161290322,0.2496570644718793,0.23713355048859935,729.0
walking,0.5259768140832976,0.4993885038728088,0.5123379339188624,2453.0
wavinghand,0.052083333333333336,0.00865051903114187,0.01483679525222552,578.0
accuracy,0.3136345300524405,0.3136345300524405,0.3136345300524405,0.3136345300524405
macro avg,0.19320538327976838,0.19868869885602614,0.19123452435254268,4958.0
weighted avg,0.31926251405505246,0.3136345300524405,0.3134967509902714,4958.0
