,precision,recall,f1-score,support
jumping,0.803125,0.7671641791044777,0.7847328244274809,335.0
running,0.8059360730593608,0.7861915367483296,0.7959413754227734,449.0
seated-breathing,0.8247619047619048,0.9331896551724138,0.8756319514661274,464.0
walking,0.9743746186699207,0.9204610951008646,0.94665085951393,1735.0
wavinghand,0.7834394904458599,0.9,0.8376844494892168,410.0
accuracy,0.8868258178603006,0.8868258178603006,0.8868258178603006,0.8868258178603006
macro avg,0.8383274173874092,0.8614012932252171,0.8481282920639057,3393.0
weighted avg,0.8916451076004397,0.8868258178603006,0.8878415162910587,3393.0
