,precision,recall,f1-score,support
jumping,0.7380281690140845,0.7572254335260116,0.7475035663338089,346.0
running,0.8575418994413407,0.7223529411764706,0.7841634738186463,425.0
seated-breathing,0.9008097165991903,0.9081632653061225,0.9044715447154471,490.0
walking,0.9420612813370474,0.956447963800905,0.9492001122649453,1768.0
wavinghand,0.8040201005025126,0.862533692722372,0.8322496749024707,371.0
accuracy,0.8897058823529411,0.8897058823529411,0.8897058823529411,0.8897058823529411
macro avg,0.8484922333788351,0.8413446593063764,0.8435176744070636,3400.0
weighted avg,0.889725181636876,0.8897058823529411,0.8888374103259504,3400.0
