,precision,recall,f1-score,support
jumping,0.09585492227979274,0.06525573192239859,0.0776495278069255,567.0
running,0.047619047619047616,0.03328050713153724,0.03917910447761194,631.0
seated-breathing,0.28663793103448276,0.18244170096021947,0.22296730930427494,729.0
walking,0.5169248422260471,0.7346106807990216,0.6068361677050008,2453.0
wavinghand,0.2596685082872928,0.08131487889273356,0.12384716732542819,578.0
accuracy,0.4114562323517547,0.4114562323517547,0.4114562323517547,0.4114562323517547
macro avg,0.2413410502893326,0.21938069994118212,0.21409585532384828,4958.0
weighted avg,0.3451919014673151,0.4114562323517547,0.3613241726037073,4958.0
