,precision,recall,f1-score,support
jumping,0.239247311827957,0.1362940275650842,0.17365853658536584,653.0
running,0.17131474103585656,0.052825552825552825,0.08075117370892018,814.0
seated-breathing,0.6467391304347826,0.1574074074074074,0.2531914893617021,756.0
walking,0.5933887649563983,0.974034620505992,0.7374921235034657,3004.0
wavinghand,0.2838427947598253,0.08783783783783784,0.13415892672858618,740.0
accuracy,0.5433216021451316,0.5433216021451316,0.5433216021451316,0.5433216021451316
macro avg,0.386906548602964,0.2816798892283749,0.275850449977608,5967.0
weighted avg,0.465426008796184,0.5433216021451316,0.4500162880057511,5967.0
