,precision,recall,f1-score,support
jumping,0.7232876712328767,0.7880597014925373,0.7542857142857143,335.0
running,0.8725761772853186,0.7015590200445434,0.7777777777777778,449.0
seated-breathing,0.9017094017094017,0.9094827586206896,0.9055793991416309,464.0
walking,0.9462242562929062,0.9533141210374639,0.9497559575078955,1735.0
wavinghand,0.8203991130820399,0.9024390243902439,0.859465737514518,410.0
accuracy,0.8915414087827881,0.8915414087827881,0.8915414087827881,0.8915414087827881
macro avg,0.8528393239205085,0.8509709251170957,0.8493729172455072,3393.0
weighted avg,0.8931753483315983,0.8915414087827881,0.8907469249533759,3393.0
