,precision,recall,f1-score,support
jumping,0.12287334593572778,0.09325681492109039,0.10603588907014681,697.0
running,0.12714429868819374,0.1810344827586207,0.14937759336099585,696.0
seated-breathing,0.13170731707317074,0.07584269662921349,0.0962566844919786,712.0
walking,0.5,0.6535600425079703,0.5665591893136803,2823.0
wavinghand,0.3,0.01639344262295082,0.031088082901554404,732.0
accuracy,0.3713780918727915,0.3713780918727915,0.3713780918727915,0.3713780918727915
macro avg,0.23634499233941844,0.2040174958879691,0.1898634878276712,5660.0
weighted avg,0.3355142692155976,0.3713780918727915,0.3301345666317829,5660.0
