,precision,recall,f1-score,support
jumping,0.1989247311827957,0.05666156202143951,0.08820023837902265,653.0
running,0.15140845070422534,0.10565110565110565,0.12445730824891461,814.0
seated-breathing,0.48360655737704916,0.23412698412698413,0.3155080213903743,756.0
walking,0.5755410800588359,0.9117842876165113,0.7056550302718021,3004.0
wavinghand,0.20454545454545456,0.024324324324324326,0.043478260869565216,740.0
accuracy,0.5123177476118652,0.5123177476118652,0.5123177476118652,0.5123177476118652
macro avg,0.3228052547736721,0.266509652748073,0.25545977183193574,5967.0
weighted avg,0.4188101100340261,0.5123177476118652,0.4272479793409106,5967.0
