,precision,recall,f1-score,support
jumping,0.7667844522968198,0.6477611940298508,0.7022653721682848,335.0
running,0.8023255813953488,0.7683741648106904,0.7849829351535836,449.0
seated-breathing,0.83203125,0.9181034482758621,0.8729508196721312,464.0
walking,0.9424294761082326,0.9435158501440922,0.9429723502304147,1735.0
wavinghand,0.8097447795823666,0.8512195121951219,0.8299643281807372,410.0
accuracy,0.8765104627173592,0.8765104627173592,0.8765104627173592,0.8765104627173592
macro avg,0.8306631078765536,0.8257948338911234,0.8266271610810303,3393.0
weighted avg,0.8754170286597407,0.8765104627173592,0.8750686177695476,3393.0
