,precision,recall,f1-score,support
jumping,0.059369202226345084,0.04591104734576758,0.05177993527508091,697.0
running,0.13937282229965156,0.11494252873563218,0.12598425196850394,696.0
seated-breathing,0.13438735177865613,0.19101123595505617,0.15777262180974477,712.0
walking,0.4878341844397717,0.5752745306411619,0.5279583875162549,2823.0
wavinghand,0.043689320388349516,0.012295081967213115,0.019189765458422176,732.0
accuracy,0.3323321554770318,0.3323321554770318,0.3323321554770318,0.3323321554770318
macro avg,0.1729305762265548,0.18788688492896616,0.17653699240560133,5660.0
weighted avg,0.2903187452184577,0.3323321554770318,0.30752353308468217,5660.0
