,precision,recall,f1-score,support
jumping,0.7929824561403509,0.653179190751445,0.716323296354992,346.0
running,0.7403189066059226,0.7647058823529411,0.7523148148148148,425.0
seated-breathing,0.8647619047619047,0.926530612244898,0.8945812807881773,490.0
walking,0.939943342776204,0.9383484162895928,0.9391452023775828,1768.0
wavinghand,0.8471502590673575,0.8814016172506739,0.8639365918097754,371.0
accuracy,0.8797058823529412,0.8797058823529412,0.8797058823529412,0.8797058823529412
macro avg,0.837031373870348,0.8328331437779102,0.8332602372290685,3400.0
weighted avg,0.87907452194345,0.8797058823529412,0.8784869640548011,3400.0
