,precision,recall,f1-score,support
jumping,0.1016949152542373,0.12698412698412698,0.11294117647058824,567.0
running,0.11353711790393013,0.12361331220285261,0.11836115326251896,631.0
seated-breathing,0.08604651162790698,0.05075445816186557,0.0638481449525453,729.0
walking,0.5044746436857805,0.6204647370566653,0.5564899451553931,2453.0
wavinghand,0.008620689655172414,0.0017301038062283738,0.002881844380403458,578.0
accuracy,0.34489713594191207,0.34489713594191207,0.34489713594191207,0.34489713594191207
macro avg,0.16287477562540548,0.18470934764234775,0.17090445284428984,4958.0
weighted avg,0.28932833902887983,0.34489713594191207,0.3130303295594859,4958.0
