,precision,recall,f1-score,support
jumping,0.37254901960784315,0.3970149253731343,0.38439306358381503,335.0
running,0.46735395189003437,0.3028953229398664,0.3675675675675676,449.0
seated-breathing,0.5721311475409836,0.7521551724137931,0.6499068901303539,464.0
walking,0.8275469550369948,0.8380403458213257,0.8327605956471936,1735.0
wavinghand,0.46296296296296297,0.4268292682926829,0.44416243654822335,410.0
accuracy,0.6622458001768347,0.6622458001768347,0.6622458001768347,0.6622458001768347
macro avg,0.5405088074077637,0.5433870069681606,0.5357581106954308,3393.0
weighted avg,0.6559750899588181,0.6622458001768347,0.6549698035931484,3393.0
