,precision,recall,f1-score,support
jumping,0.16042780748663102,0.08608321377331421,0.11204481792717087,697.0
running,0.1142433234421365,0.11063218390804598,0.11240875912408758,696.0
seated-breathing,0.29013254786450665,0.27668539325842695,0.28324946081955427,712.0
walking,0.5422155688622754,0.6415161176053843,0.5877007950673373,2823.0
wavinghand,0.1433389544688027,0.11612021857923498,0.12830188679245283,732.0
accuracy,0.39399293286219084,0.39399293286219084,0.39399293286219084,0.39399293286219084
macro avg,0.25007164042487046,0.2462074254248813,0.2447411439461206,5660.0
weighted avg,0.3592764266047358,0.39399293286219084,0.3729684940205467,5660.0
