,precision,recall,f1-score,support
jumping,0.1476510067114094,0.15520282186948853,0.15133276010318142,567.0
running,0.14705882352941177,0.1109350237717908,0.12646793134598014,631.0
seated-breathing,0.32301153612629024,0.7297668038408779,0.4478114478114478,729.0
walking,0.5962009803921569,0.39665715450468814,0.47637698898408815,2453.0
wavinghand,0.1416803953871499,0.14878892733564014,0.1451476793248945,578.0
accuracy,0.3527632109721662,0.3527632109721662,0.3527632109721662,0.3527632109721662
macro avg,0.2711205484292837,0.3082701462644971,0.2694273615139184,4958.0
weighted avg,0.3945865110375609,0.3527632109721662,0.35185752273903187,4958.0
