,precision,recall,f1-score,support
jumping,0.2554112554112554,0.1807044410413476,0.2116591928251121,653.0
running,0.13370473537604458,0.05896805896805897,0.08184143222506395,814.0
seated-breathing,0.6264501160092807,0.35714285714285715,0.45492839090143217,756.0
walking,0.611012037449844,0.9124500665778962,0.7319092122830441,3004.0
wavinghand,0.314410480349345,0.0972972972972973,0.14860681114551083,740.0
accuracy,0.5444947209653092,0.5444947209653092,0.5444947209653092,0.5444947209653092
macro avg,0.38819772491915394,0.32131254420549143,0.3257890078760326,5967.0
weighted avg,0.4721567635395531,0.5444947209653092,0.47886417902018186,5967.0
