{
    "best_epoch": 105,
    "best_val_loss": 0.9438708007704568,
    "best_val_accuracy": 0.6622458001768347,
    "experiment_id": "params_105193c4a3",
    "experiment_completed": true,
    "test_cross_device_accuracy": 0.3527632109721662,
    "test_cross_device_f1_score": 0.35185752273903187,
    "test_cross_env_accuracy": 0.39399293286219084,
    "test_cross_env_f1_score": 0.3729684940205467,
    "test_cross_user_accuracy": 0.5444947209653092,
    "test_cross_user_f1_score": 0.47886417902018186,
    "test_accuracy": 0.68,
    "test_f1_score": 0.6705832675944777
}