{
    "test_cross_device": {
        "loss": 2.7565760643864987,
        "accuracy": 0.3527632109721662,
        "f1_score": 0.35185752273903187
    },
    "test_cross_env": {
        "loss": 2.50061962756167,
        "accuracy": 0.39399293286219084,
        "f1_score": 0.3729684940205467
    },
    "test_cross_user": {
        "loss": 1.594690306493939,
        "accuracy": 0.5444947209653092,
        "f1_score": 0.47886417902018186
    },
    "test": {
        "loss": 0.9072858621092403,
        "accuracy": 0.68,
        "f1_score": 0.6705832675944777
    }
}