,precision,recall,f1-score,support
jumping,0.7971014492753623,0.8208955223880597,0.8088235294117647,335.0
running,0.8647342995169082,0.7973273942093542,0.8296639629200464,449.0
seated-breathing,0.8650793650793651,0.9396551724137931,0.9008264462809917,464.0
walking,0.9743436754176611,0.9412103746397694,0.9574904720023454,1735.0
wavinghand,0.8039647577092511,0.8902439024390244,0.8449074074074074,410.0
accuracy,0.9039198349543177,0.9039198349543177,0.9039198349543177,0.9039198349543177
macro avg,0.8610447093997096,0.8778664732180002,0.8683423636045111,3393.0
weighted avg,0.9068091184490419,0.9039198349543177,0.9045436129500527,3393.0
