,precision,recall,f1-score,support
jumping,0.7768115942028986,0.7745664739884393,0.7756874095513748,346.0
running,0.8108108108108109,0.7764705882352941,0.7932692307692307,425.0
seated-breathing,0.8798449612403101,0.926530612244898,0.9025844930417495,490.0
walking,0.9618717504332756,0.9417420814479638,0.9517004858531009,1768.0
wavinghand,0.8104738154613467,0.876010781671159,0.8419689119170984,371.0
accuracy,0.8947058823529411,0.8947058823529411,0.8947058823529411,0.8947058823529411
macro avg,0.8479625864297283,0.8590641075175508,0.8530421062265109,3400.0
weighted avg,0.895814846323159,0.8947058823529411,0.8949325275534358,3400.0
