,precision,recall,f1-score,support
jumping,0.12198067632850242,0.1449067431850789,0.13245901639344262,697.0
running,0.13249211356466878,0.1206896551724138,0.12631578947368421,696.0
seated-breathing,0.12342569269521411,0.06882022471910113,0.08836789900811542,712.0
walking,0.5059705637322965,0.6454126815444563,0.5672478206724783,2823.0
wavinghand,0.235,0.06420765027322405,0.10085836909871244,732.0
accuracy,0.3715547703180212,0.3715547703180212,0.3715547703180212,0.3715547703180212
macro avg,0.22377380926413637,0.2088073909788548,0.20304977892928658,5660.0
weighted avg,0.32959170266029,0.3715547703180212,0.3389269597053632,5660.0
