,precision,recall,f1-score,support
jumping,0.10320478001086367,0.3350970017636684,0.15780730897009967,567.0
running,0.0547945205479452,0.025356576862123614,0.03466955579631636,631.0
seated-breathing,0.06422018348623854,0.02880658436213992,0.03977272727272727,729.0
walking,0.5727272727272728,0.5136567468406034,0.5415860735009671,2453.0
wavinghand,0.026845637583892617,0.01384083044982699,0.0182648401826484,578.0
accuracy,0.30153287615974184,0.30153287615974184,0.30153287615974184,0.30153287615974184
macro avg,0.16435847887124255,0.18335154805567244,0.15842010114455177,4958.0
weighted avg,0.3147087021010228,0.30153287615974184,0.298389525614922,4958.0
