,precision,recall,f1-score,support
jumping,0.09417808219178082,0.08422664624808576,0.0889248181083266,653.0
running,0.07536231884057971,0.03194103194103194,0.04486626402070751,814.0
seated-breathing,0.4587378640776699,0.25,0.3236301369863014,756.0
walking,0.5906618313689936,0.8675099866844208,0.7028047464940669,3004.0
wavinghand,0.21962616822429906,0.06351351351351352,0.09853249475890985,740.0
accuracy,0.4898609016256075,0.4898609016256075,0.4898609016256075,0.4898609016256075
macro avg,0.28771325294066463,0.2594382356774104,0.25175169207366244,5967.0
weighted avg,0.403304934869888,0.4898609016256075,0.4228913915349434,5967.0
