{
    "best_val_accuracy": 0.8564692012967875,
    "best_val_loss": 0.41666997142104256,
    "best_experiment_id": "params_105193c4a3",
    "best_experiment_params": {
        "model": "vit",
        "task": "HumanActivityRecognition",
        "num_classes": 6,
        "batch_size": 32,
        "learning_rate": 0.0001,
        "weight_decay": 1e-05,
        "epochs": 300,
        "warmup_epochs": 5,
        "patience": 15,
        "win_len": 500,
        "feature_size": 232,
        "test_splits": [
            "test_cross_device",
            "test_cross_env",
            "test_cross_user",
            "test_id"
        ]
    },
    "best_test_accuracies": {
        "test_cross_device": 0.34973779749899153,
        "test_cross_env": 0.36431095406360425,
        "test_cross_user": 0.5290765879001174,
        "test": 0.8555882352941176
    },
    "best_test_f1_scores": {
        "test_cross_device": 0.32841143014422247,
        "test_cross_env": 0.3351183535999414,
        "test_cross_user": 0.439262417797025,
        "test": 0.8516971533222478
    },
    "timestamp": "2025-06-02 06:16:28"
}