,precision,recall,f1-score,support
jumping,0.10576923076923077,0.06312769010043041,0.07906558849955077,697.0
running,0.1,0.1278735632183908,0.11223203026481715,696.0
seated-breathing,0.14512471655328799,0.0898876404494382,0.11101474414570685,712.0
walking,0.5081967213114754,0.6369110874955721,0.5653199182518472,2823.0
wavinghand,0.17866666666666667,0.09153005464480875,0.12104787714543812,732.0
accuracy,0.36431095406360425,0.36431095406360425,0.36431095406360425,0.36431095406360425
macro avg,0.20755146706013217,0.20186600718172806,0.197736031661472,5660.0
weighted avg,0.3201542926315176,0.36431095406360425,0.3351183535999414,5660.0
