,precision,recall,f1-score,support
jumping,0.2422907488986784,0.08422664624808576,0.125,653.0
running,0.12043010752688173,0.0687960687960688,0.0875684128225176,814.0
seated-breathing,0.5048231511254019,0.20767195767195767,0.2942830365510778,756.0
walking,0.5917564208782105,0.9510652463382158,0.7295709908069459,3004.0
wavinghand,0.23529411764705882,0.043243243243243246,0.0730593607305936,740.0
accuracy,0.5290765879001174,0.5290765879001174,0.5290765879001174,0.5290765879001174
macro avg,0.33891890921524626,0.2710006324595143,0.26189636018222695,5967.0
weighted avg,0.43399467139022796,0.5290765879001174,0.439262417797025,5967.0
