,precision,recall,f1-score,support
jumping,0.1625207296849088,0.1728395061728395,0.1675213675213675,567.0
running,0.17307692307692307,0.14263074484944532,0.15638575152041703,631.0
seated-breathing,0.19907407407407407,0.29492455418381347,0.2377003869541183,729.0
walking,0.4875366568914956,0.5421932327761925,0.5134143987647173,2453.0
wavinghand,0.037037037037037035,0.0017301038062283738,0.003305785123966942,578.0
accuracy,0.34973779749899153,0.34973779749899153,0.34973779749899153,0.34973779749899153
macro avg,0.21184908415288767,0.23086362835770383,0.2156655379769174,4958.0
weighted avg,0.3154135980143461,0.3497377974989916,0.32841143014422247,4958.0
