,precision,recall,f1-score,support
jumping,0.7191780821917808,0.6268656716417911,0.6698564593301436,335.0
running,0.746268656716418,0.6681514476614699,0.7050528789659224,449.0
seated-breathing,0.848605577689243,0.9181034482758621,0.8819875776397516,464.0
walking,0.9035616438356164,0.9504322766570605,0.9264044943820224,1735.0
wavinghand,0.8629032258064516,0.7829268292682927,0.8209718670076727,410.0
accuracy,0.8564692012967875,0.8564692012967875,0.8564692012967875,0.8564692012967875
macro avg,0.8161034372479021,0.7892959347008952,0.8008546554651026,3393.0
weighted avg,0.8521137775075646,0.8564692012967875,0.8529688051229285,3393.0
