{
    "best_epoch": 179,
    "best_val_loss": 0.41666997142104256,
    "best_val_accuracy": 0.8564692012967875,
    "experiment_id": "params_105193c4a3",
    "experiment_completed": true,
    "test_cross_device_accuracy": 0.34973779749899153,
    "test_cross_device_f1_score": 0.32841143014422247,
    "test_cross_env_accuracy": 0.36431095406360425,
    "test_cross_env_f1_score": 0.3351183535999414,
    "test_cross_user_accuracy": 0.5290765879001174,
    "test_cross_user_f1_score": 0.439262417797025,
    "test_accuracy": 0.8555882352941176,
    "test_f1_score": 0.8516971533222478
}