{
    "test_cross_device": {
        "loss": 3.5223748686123444,
        "accuracy": 0.34973779749899153,
        "f1_score": 0.32841143014422247
    },
    "test_cross_env": {
        "loss": 3.6937259458466154,
        "accuracy": 0.36431095406360425,
        "f1_score": 0.3351183535999414
    },
    "test_cross_user": {
        "loss": 2.6455069968399787,
        "accuracy": 0.5290765879001174,
        "f1_score": 0.439262417797025
    },
    "test": {
        "loss": 0.43095702292945454,
        "accuracy": 0.8555882352941176,
        "f1_score": 0.8516971533222478
    }
}