{
    "best_val_accuracy": 0.8323017978190392,
    "best_val_loss": 0.5400176411651069,
    "best_experiment_id": "params_105193c4a3",
    "best_experiment_params": {
        "model": "mlp",
        "task": "HumanActivityRecognition",
        "num_classes": 6,
        "batch_size": 32,
        "learning_rate": 0.0001,
        "weight_decay": 1e-05,
        "epochs": 300,
        "warmup_epochs": 5,
        "patience": 15,
        "win_len": 500,
        "feature_size": 232,
        "test_splits": [
            "test_cross_device",
            "test_cross_env",
            "test_cross_user",
            "test_id"
        ]
    },
    "best_test_accuracies": {
        "test_cross_device": 0.390681726502622,
        "test_cross_env": 0.37720848056537104,
        "test_cross_user": 0.47310206133735544,
        "test": 0.8288235294117647
    },
    "best_test_f1_scores": {
        "test_cross_device": 0.3411045024630287,
        "test_cross_env": 0.3513535754050708,
        "test_cross_user": 0.39550004985937276,
        "test": 0.8244119163702809
    },
    "timestamp": "2025-06-02 06:20:09"
}