,precision,recall,f1-score,support
jumping,0.7044673539518901,0.6119402985074627,0.6549520766773163,335.0
running,0.7589041095890411,0.6169265033407573,0.6805896805896806,449.0
seated-breathing,0.8901098901098901,0.8728448275862069,0.8813928182807399,464.0
walking,0.8949602122015915,0.9723342939481268,0.9320441988950277,1735.0
wavinghand,0.8287153652392947,0.802439024390244,0.815365551425031,410.0
accuracy,0.8555850279988211,0.8555850279988211,0.8555850279988211,0.8555850279988211
macro avg,0.8154313862183414,0.7752969895545595,0.7928688651735591,3393.0
weighted avg,0.8494797423248521,0.8555850279988211,0.8503850695906474,3393.0
