,precision,recall,f1-score,support
jumping,0.10158730158730159,0.04900459418070444,0.06611570247933884,653.0
running,0.11904761904761904,0.04914004914004914,0.06956521739130435,814.0
seated-breathing,0.782608695652174,0.09523809523809523,0.16981132075471697,756.0
walking,0.5517441860465117,0.9477363515312917,0.697452229299363,3004.0
wavinghand,0.296875,0.025675675675675677,0.0472636815920398,740.0
accuracy,0.5044410926763868,0.5044410926763868,0.5044410926763868,0.5044410926763868
macro avg,0.3703725604667213,0.23335895315316324,0.2100416303033526,5967.0
weighted avg,0.44109610836903546,0.5044410926763868,0.39522349930609885,5967.0
