,precision,recall,f1-score,support
jumping,0.11007751937984496,0.10186513629842181,0.10581222056631892,697.0
running,0.11748251748251748,0.1206896551724138,0.11906449326718639,696.0
seated-breathing,0.15811088295687886,0.10814606741573034,0.12844036697247707,712.0
walking,0.5384207737148914,0.7198016294721927,0.6160375928452326,2823.0
wavinghand,0.15384615384615385,0.00819672131147541,0.01556420233463035,732.0
accuracy,0.4010600706713781,0.4010600706713781,0.4010600706713781,0.4010600706713781
macro avg,0.2155875694760573,0.21173984193404677,0.1969837751971691,5660.0
weighted avg,0.3363328693733931,0.4010600706713781,0.3530983510678676,5660.0
