,precision,recall,f1-score,support
jumping,0.13488624052004333,0.43915343915343913,0.20638209697472026,567.0
running,0.18742138364779873,0.23613312202852615,0.20897615708274894,631.0
seated-breathing,0.3699421965317919,0.1755829903978052,0.23813953488372094,729.0
walking,0.6422018348623854,0.5136567468406034,0.5707814269535674,2453.0
wavinghand,0.5555555555555556,0.00865051903114187,0.017035775127768313,578.0
accuracy,0.3612343686970553,0.3612343686970553,0.3612343686970553,0.3612343686970553
macro avg,0.378001442223515,0.27463536349030315,0.24826299820450518,4958.0
weighted avg,0.4761725423067455,0.3612343686970553,0.36959657994656403,4958.0
