{
    "test_cross_device": {
        "loss": 2.867239969014256,
        "accuracy": 0.3612343686970553,
        "f1_score": 0.36959657994656403
    },
    "test_cross_env": {
        "loss": 3.2960881555477624,
        "accuracy": 0.4010600706713781,
        "f1_score": 0.3530983510678676
    },
    "test_cross_user": {
        "loss": 2.9799144447127017,
        "accuracy": 0.5044410926763868,
        "f1_score": 0.39522349930609885
    },
    "test": {
        "loss": 0.4207334905424539,
        "accuracy": 0.8526470588235294,
        "f1_score": 0.8458640660054725
    }
}